1751002455.63319	4.1961669921875e-05
1751002455.63402	2.31266021728516e-05
1751002455.64408	2.59876251220703e-05
1751002455.65418	2.59876251220703e-05
1751002455.66429	3.19480895996094e-05
1751002455.6744	2.81333923339844e-05
1751002455.6845	2.90870666503906e-05
1751002455.6946	2.88486480712891e-05
1751002455.7047	3.31401824951172e-05
1751002455.7148	2.69412994384766e-05
1751002455.7249	2.90870666503906e-05
1751002455.73499	3.60012054443359e-05
1751002455.7451	3.09944152832031e-05
1751002455.75519	3.50475311279297e-05
1751002455.76524	3.38554382324219e-05
1751002455.77535	3.00407409667969e-05
1751002455.78545	3.00407409667969e-05
1751002455.79554	3.09944152832031e-05
1751002455.80563	3.09944152832031e-05
1751002455.81572	3.48091125488281e-05
1751002455.82582	3.50475311279297e-05
1751002455.83593	3.00407409667969e-05
1751002455.84602	4.69684600830078e-05
1751002455.85612	2.90870666503906e-05
1751002455.86622	2.90870666503906e-05
1751002455.87632	4.69684600830078e-05
1751002455.8864	3.60012054443359e-05
1751002455.89651	3.60012054443359e-05
1751002455.90661	3.19480895996094e-05
1751002455.91672	3.19480895996094e-05
1751002455.9268	3.09944152832031e-05
1751002455.93687	3.31401824951172e-05
1751002455.94693	3.79085540771484e-05
1751002455.95703	3.19480895996094e-05
1751002455.96712	3.19480895996094e-05
1751002455.97718	2.81333923339844e-05
1751002455.98727	3.19480895996094e-05
1751002455.99738	3.38554382324219e-05
1751002456.00746	3.60012054443359e-05
1751002456.01756	3.21865081787109e-05
1751002456.02765	2.59876251220703e-05
1751002456.03775	3.00407409667969e-05
1751002456.04783	3.48091125488281e-05
1751002456.05792	5.10215759277344e-05
1751002456.06802	3.50475311279297e-05
1751002456.07813	3.19480895996094e-05
1751002456.08822	2.69412994384766e-05
1751002456.0983	2.81333923339844e-05
1751002456.1084	3.38554382324219e-05
1751002456.11849	3.21865081787109e-05
1751002456.12857	3.09944152832031e-05
1751002456.13867	3.50475311279297e-05
1751002456.14876	3.69548797607422e-05
1751002456.15895	4.88758087158203e-05
1751002456.16897	3.40938568115234e-05
1751002456.17906	3.31401824951172e-05
1751002456.18916	3.12328338623047e-05
1751002456.19926	2.98023223876953e-05
1751002456.20935	3.00407409667969e-05
1751002456.21944	3.09944152832031e-05
1751002456.22954	3.40938568115234e-05
1751002456.23959	3.29017639160156e-05
1751002456.24969	2.88486480712891e-05
1751002456.25978	2.78949737548828e-05
1751002456.26987	4.10079956054688e-05
1751002456.27997	3.50475311279297e-05
1751002456.29006	3.29017639160156e-05
1751002456.30017	3.79085540771484e-05
1751002456.31026	3.19480895996094e-05
1751002456.32046	3.19480895996094e-05
1751002456.33055	3.09944152832031e-05
1751002456.34065	3.31401824951172e-05
1751002456.35074	3.38554382324219e-05
1751002456.36084	3.09944152832031e-05
1751002456.37095	3.88622283935547e-05
1751002456.38104	3.00407409667969e-05
1751002456.39114	3.09944152832031e-05
1751002456.40118	3.50475311279297e-05
1751002456.41127	3.60012054443359e-05
1751002456.42139	3.40938568115234e-05
1751002456.43148	3.09944152832031e-05
1751002456.44153	2.90870666503906e-05
1751002456.45162	3.19480895996094e-05
1751002456.46171	3.40938568115234e-05
1751002456.4718	4.29153442382812e-05
1751002456.48189	3.40938568115234e-05
1751002456.49199	3.09944152832031e-05
1751002456.50211	3.29017639160156e-05
1751002456.5122	3.31401824951172e-05
1751002456.5223	2.90870666503906e-05
1751002456.5324	2.78949737548828e-05
1751002456.54248	2.69412994384766e-05
1751002456.55253	2.81333923339844e-05
1751002456.56262	3.40938568115234e-05
1751002456.57271	3.31401824951172e-05
1751002456.58282	8.89301300048828e-05
1751002456.59292	4.00543212890625e-05
1751002456.60322	4.22000885009766e-05
1751002456.61331	3.69548797607422e-05
1751002456.62343	3.88622283935547e-05
1751002456.63352	3.91006469726562e-05
1751002456.64366	5.91278076171875e-05
1751002456.65406	3.50475311279297e-05
1751002456.66414	3.40938568115234e-05
1751002456.67422	3.50475311279297e-05
1751002456.68436	4.50611114501953e-05
1751002456.69445	3.09944152832031e-05
1751002456.70455	3.00407409667969e-05
1751002456.71464	2.78949737548828e-05
1751002456.72473	3.19480895996094e-05
1751002456.73482	2.90870666503906e-05
1751002456.74491	2.78949737548828e-05
1751002456.755	3.31401824951172e-05
1751002456.7651	3.29017639160156e-05
1751002456.77519	3.09944152832031e-05
1751002456.78529	4.10079956054688e-05
1751002456.79538	2.78949737548828e-05
1751002456.80547	3.00407409667969e-05
1751002456.81557	3.29017639160156e-05
1751002456.82566	3.50475311279297e-05
1751002456.83576	3.09944152832031e-05
1751002456.84585	3.09944152832031e-05
1751002456.85594	3.00407409667969e-05
1751002456.86603	2.69412994384766e-05
1751002456.87612	3.91006469726562e-05
1751002456.88621	3.79085540771484e-05
1751002456.89634	5.00679016113281e-05
1751002456.90647	3.19480895996094e-05
1751002456.91656	3.60012054443359e-05
1751002456.92665	3.09944152832031e-05
1751002456.93674	2.69412994384766e-05
1751002456.94684	2.69412994384766e-05
1751002456.95692	2.81333923339844e-05
1751002456.96699	2.81333923339844e-05
1751002456.97708	3.09944152832031e-05
1751002456.98717	3.00407409667969e-05
1751002456.99724	3.91006469726562e-05
1751002457.00729	3.38554382324219e-05
1751002457.01739	3.09944152832031e-05
1751002457.02748	2.69412994384766e-05
1751002457.03757	2.69412994384766e-05
1751002457.04766	2.78949737548828e-05
1751002457.05774	3.00407409667969e-05
1751002457.06783	3.29017639160156e-05
1751002457.07791	3.19480895996094e-05
1751002457.08801	3.09944152832031e-05
1751002457.09811	3.91006469726562e-05
1751002457.10822	3.38554382324219e-05
1751002457.1183	3.00407409667969e-05
1751002457.1284	3.38554382324219e-05
1751002457.13849	3.19480895996094e-05
1751002457.14859	3.09944152832031e-05
1751002457.15868	3.09944152832031e-05
1751002457.16881	2.90870666503906e-05
1751002457.17889	2.69412994384766e-05
1751002457.18899	3.29017639160156e-05
1751002457.19907	3.09944152832031e-05
1751002457.20917	4.10079956054688e-05
1751002457.21927	3.38554382324219e-05
1751002457.22936	3.19480895996094e-05
1751002457.23946	2.90870666503906e-05
1751002457.24956	3.09944152832031e-05
1751002457.25967	3.00407409667969e-05
1751002457.26975	2.90870666503906e-05
1751002457.27985	2.78949737548828e-05
1751002457.28994	3.00407409667969e-05
1751002457.30002	3.09944152832031e-05
1751002457.3101	4.48226928710938e-05
1751002457.32021	3.79085540771484e-05
1751002457.3303	3.29017639160156e-05
1751002457.34049	3.40938568115234e-05
1751002457.35062	3.40938568115234e-05
1751002457.36071	3.09944152832031e-05
1751002457.37081	2.59876251220703e-05
1751002457.38091	2.78949737548828e-05
1751002457.39099	3.19480895996094e-05
1751002457.40107	2.90870666503906e-05
1751002457.41117	5.48362731933594e-05
1751002457.42125	3.79085540771484e-05
1751002457.4314	3.09944152832031e-05
1751002457.4415	2.78949737548828e-05
1751002457.45159	2.78949737548828e-05
1751002457.46168	2.81333923339844e-05
1751002457.47176	3.29017639160156e-05
1751002457.48184	3.09944152832031e-05
1751002457.49196	2.90870666503906e-05
1751002457.50205	2.59876251220703e-05
1751002457.51214	2.90870666503906e-05
1751002457.52222	4.41074371337891e-05
1751002457.5323	3.50475311279297e-05
1751002457.54239	3.00407409667969e-05
1751002457.5525	3.09944152832031e-05
1751002457.56259	2.88486480712891e-05
1751002457.57268	2.81333923339844e-05
1751002457.58277	2.81333923339844e-05
1751002457.59286	2.81333923339844e-05
1751002457.60294	3.814697265625e-05
1751002457.61303	3.29017639160156e-05
1751002457.62315	4.1961669921875e-05
1751002457.63324	2.88486480712891e-05
1751002457.64334	3.79085540771484e-05
1751002457.65342	3.50475311279297e-05
1751002457.66352	2.90870666503906e-05
1751002457.67366	3.38554382324219e-05
1751002457.68373	3.69548797607422e-05
1751002457.69383	3.38554382324219e-05
1751002457.70393	2.69412994384766e-05
1751002457.71402	2.69412994384766e-05
1751002457.72411	3.29017639160156e-05
1751002457.73419	4.31537628173828e-05
1751002457.74429	3.21865081787109e-05
1751002457.75437	3.00407409667969e-05
1751002457.76447	2.59876251220703e-05
1751002457.77456	2.59876251220703e-05
1751002457.78465	3.38554382324219e-05
1751002457.79473	3.19480895996094e-05
1751002457.80483	3.69548797607422e-05
1751002457.81494	3.29017639160156e-05
1751002457.82503	3.00407409667969e-05
1751002457.83513	3.71932983398438e-05
1751002457.84523	2.81333923339844e-05
1751002457.85531	2.81333923339844e-05
1751002457.8654	3.29017639160156e-05
1751002457.87548	3.71932983398438e-05
1751002457.88559	3.50475311279297e-05
1751002457.89572	3.69548797607422e-05
1751002457.90581	3.09944152832031e-05
1751002457.91591	2.78949737548828e-05
1751002457.92601	3.00407409667969e-05
1751002457.9361	3.19480895996094e-05
1751002457.94614	3.79085540771484e-05
1751002457.95625	2.78949737548828e-05
1751002457.96637	3.09944152832031e-05
1751002457.97646	3.29017639160156e-05
1751002457.98654	3.09944152832031e-05
1751002457.99664	3.19480895996094e-05
1751002458.00673	2.71797180175781e-05
1751002458.01682	2.59876251220703e-05
1751002458.02691	2.69412994384766e-05
1751002458.037	3.19480895996094e-05
1751002458.04709	5.10215759277344e-05
1751002458.0572	3.00407409667969e-05
1751002458.06734	3.09944152832031e-05
1751002458.07738	3.40938568115234e-05
1751002458.08748	3.38554382324219e-05
1751002458.09758	3.09944152832031e-05
1751002458.10767	2.98023223876953e-05
1751002458.11777	3.09944152832031e-05
1751002458.12786	2.90870666503906e-05
1751002458.13794	2.69412994384766e-05
1751002458.14804	3.19480895996094e-05
1751002458.15814	4.38690185546875e-05
1751002458.16824	3.50475311279297e-05
1751002458.17833	2.69412994384766e-05
1751002458.18843	3.00407409667969e-05
1751002458.19852	3.19480895996094e-05
1751002458.2086	2.59876251220703e-05
1751002458.21869	3.38554382324219e-05
1751002458.22878	3.19480895996094e-05
1751002458.23887	3.29017639160156e-05
1751002458.24897	3.38554382324219e-05
1751002458.25906	3.60012054443359e-05
1751002458.26916	2.69412994384766e-05
1751002458.27925	2.90870666503906e-05
1751002458.28933	2.69412994384766e-05
1751002458.29941	3.69548797607422e-05
1751002458.30951	3.60012054443359e-05
1751002458.31961	3.00407409667969e-05
1751002458.3297	2.88486480712891e-05
1751002458.3398	2.90870666503906e-05
1751002458.34989	2.59876251220703e-05
1751002458.35999	4.79221343994141e-05
1751002458.37007	4.10079956054688e-05
1751002458.38015	3.19480895996094e-05
1751002458.39024	3.40938568115234e-05
1751002458.40036	2.90870666503906e-05
1751002458.41047	3.00407409667969e-05
1751002458.42055	3.00407409667969e-05
1751002458.43065	2.50339508056641e-05
1751002458.44086	2.38418579101562e-05
1751002458.45095	2.50339508056641e-05
1751002458.46103	3.09944152832031e-05
1751002458.47112	4.41074371337891e-05
1751002458.48122	3.19480895996094e-05
1751002458.49132	3.09944152832031e-05
1751002458.50143	3.29017639160156e-05
1751002458.5115	3.60012054443359e-05
1751002458.52159	3.19480895996094e-05
1751002458.53169	2.69412994384766e-05
1751002458.54178	2.81333923339844e-05
1751002458.55186	2.71797180175781e-05
1751002458.56195	3.38554382324219e-05
1751002458.57204	4.38690185546875e-05
1751002458.58214	3.38554382324219e-05
1751002458.59225	3.31401824951172e-05
1751002458.60237	3.60012054443359e-05
1751002458.61258	3.60012054443359e-05
1751002458.62266	3.21865081787109e-05
1751002458.63275	2.88486480712891e-05
1751002458.64285	3.21865081787109e-05
1751002458.65294	2.81333923339844e-05
1751002458.66302	2.78949737548828e-05
1751002458.67312	3.40938568115234e-05
1751002458.68322	4.50611114501953e-05
1751002458.69333	3.29017639160156e-05
1751002458.70343	3.09944152832031e-05
1751002458.71351	2.90870666503906e-05
1751002458.72361	3.09944152832031e-05
1751002458.73369	4.00543212890625e-05
1751002458.7438	3.40938568115234e-05
1751002458.75388	3.21865081787109e-05
1751002458.76409	3.31401824951172e-05
1751002458.77409	3.29017639160156e-05
1751002458.78418	4.50611114501953e-05
1751002458.79428	3.21865081787109e-05
1751002458.80438	3.40938568115234e-05
1751002458.81447	2.90870666503906e-05
1751002458.82455	3.09944152832031e-05
1751002458.83465	3.40938568115234e-05
1751002458.84473	3.19480895996094e-05
1751002458.85484	3.19480895996094e-05
1751002458.86493	2.90870666503906e-05
1751002458.875	3.00407409667969e-05
1751002458.88509	4.31537628173828e-05
1751002458.89517	2.98023223876953e-05
1751002458.90523	3.91006469726562e-05
1751002458.91534	3.19480895996094e-05
1751002458.9284	3.19480895996094e-05
1751002458.93849	3.31401824951172e-05
1751002458.94864	3.40938568115234e-05
1751002458.95877	2.88486480712891e-05
1751002458.9689	3.60012054443359e-05
1751002458.979	3.21865081787109e-05
1751002458.98914	4.10079956054688e-05
1751002458.99925	3.19480895996094e-05
1751002459.00937	2.90870666503906e-05
1751002459.01948	3.19480895996094e-05
1751002459.02959	3.38554382324219e-05
1751002459.03972	3.29017639160156e-05
1751002459.04984	3.60012054443359e-05
1751002459.05996	2.98023223876953e-05
1751002459.07008	2.81333923339844e-05
1751002459.08019	3.29017639160156e-05
1751002459.0903	4.00543212890625e-05
1751002459.10041	3.00407409667969e-05
1751002459.11052	2.98023223876953e-05
1751002459.12063	2.90870666503906e-05
1751002459.13074	3.00407409667969e-05
1751002459.14085	3.40938568115234e-05
1751002459.15096	3.19480895996094e-05
1751002459.16108	3.60012054443359e-05
1751002459.17121	3.09944152832031e-05
1751002459.18133	3.31401824951172e-05
1751002459.19146	3.09944152832031e-05
1751002459.27229	3.50475311279297e-05
1751002459.28237	4.00543212890625e-05
1751002459.29246	3.00407409667969e-05
1751002459.30256	4.00543212890625e-05
1751002459.31267	3.29017639160156e-05
1751002459.32278	3.69548797607422e-05
1751002459.3329	3.38554382324219e-05
1751002459.34305	3.40938568115234e-05
1751002459.35319	3.19480895996094e-05
1751002459.36332	3.29017639160156e-05
1751002459.37346	2.90870666503906e-05
1751002459.38359	3.00407409667969e-05
1751002459.39371	3.09944152832031e-05
1751002459.40384	4.38690185546875e-05
1751002459.41396	3.19480895996094e-05
1751002459.42409	3.29017639160156e-05
1751002459.43422	3.19480895996094e-05
1751002459.44436	3.00407409667969e-05
1751002459.45449	3.00407409667969e-05
1751002459.46461	3.00407409667969e-05
1751002459.47474	2.78949737548828e-05
1751002459.48486	3.19480895996094e-05
1751002459.49499	3.31401824951172e-05
1751002459.50511	3.31401824951172e-05
1751002459.51524	4.29153442382812e-05
1751002459.52538	3.21865081787109e-05
1751002459.53551	3.29017639160156e-05
1751002459.54565	3.19480895996094e-05
1751002459.55579	3.31401824951172e-05
1751002459.56593	3.50475311279297e-05
1751002459.57603	3.19480895996094e-05
1751002459.58613	3.19480895996094e-05
1751002459.59625	3.09944152832031e-05
1751002459.60635	3.09944152832031e-05
1751002459.61644	4.29153442382812e-05
1751002459.62654	3.19480895996094e-05
1751002459.63664	3.40938568115234e-05
1751002459.64675	3.19480895996094e-05
1751002459.65685	3.09944152832031e-05
1751002459.66695	3.09944152832031e-05
1751002459.67705	3.19480895996094e-05
1751002459.68715	3.29017639160156e-05
1751002459.69725	3.29017639160156e-05
1751002459.70735	3.19480895996094e-05
1751002459.71745	4.38690185546875e-05
1751002459.72755	3.09944152832031e-05
1751002459.73766	3.31401824951172e-05
1751002459.74777	3.19480895996094e-05
1751002459.75787	3.29017639160156e-05
1751002459.76797	3.50475311279297e-05
1751002459.77808	3.31401824951172e-05
1751002459.78818	3.29017639160156e-05
1751002459.79828	3.19480895996094e-05
1751002459.80839	2.98023223876953e-05
1751002459.81849	4.41074371337891e-05
1751002459.82858	3.21865081787109e-05
1751002459.83869	3.60012054443359e-05
1751002459.84878	3.60012054443359e-05
1751002459.85916	3.19480895996094e-05
1751002459.86927	3.21865081787109e-05
1751002459.87936	3.19480895996094e-05
1751002459.88946	2.88486480712891e-05
1751002459.89956	2.81333923339844e-05
1751002459.90966	2.78949737548828e-05
1751002459.91975	2.69412994384766e-05
1751002459.92985	3.98159027099609e-05
1751002459.93994	4.00543212890625e-05
1751002459.95005	3.00407409667969e-05
1751002459.96015	2.88486480712891e-05
1751002459.97024	2.90870666503906e-05
1751002459.98033	3.29017639160156e-05
1751002459.99043	3.19480895996094e-05
1751002460.00052	3.12328338623047e-05
1751002460.01062	2.81333923339844e-05
1751002460.02072	2.69412994384766e-05
1751002460.03081	3.60012054443359e-05
1751002460.04091	2.88486480712891e-05
1751002460.051	3.19480895996094e-05
1751002460.06111	3.29017639160156e-05
1751002460.07121	3.09944152832031e-05
1751002460.08131	3.09944152832031e-05
1751002460.09141	3.00407409667969e-05
1751002460.10151	2.71797180175781e-05
1751002460.1116	3.19480895996094e-05
1751002460.12169	3.00407409667969e-05
1751002460.13179	4.60147857666016e-05
1751002460.14194	3.09944152832031e-05
1751002460.15205	3.00407409667969e-05
1751002460.16214	2.81333923339844e-05
1751002460.17225	2.71797180175781e-05
1751002460.18235	3.09944152832031e-05
1751002460.19244	3.29017639160156e-05
1751002460.20255	3.29017639160156e-05
1751002460.21265	3.29017639160156e-05
1751002460.22276	3.09944152832031e-05
1751002460.233	3.29017639160156e-05
1751002460.24309	4.1961669921875e-05
1751002460.25319	3.09944152832031e-05
1751002460.26329	3.19480895996094e-05
1751002460.27339	2.81333923339844e-05
1751002460.28349	4.10079956054688e-05
1751002460.29358	3.69548797607422e-05
1751002460.3084	3.88622283935547e-05
1751002460.31851	3.69548797607422e-05
1751002460.3287	3.00407409667969e-05
1751002460.33884	3.60012054443359e-05
1751002460.34897	2.88486480712891e-05
1751002460.35908	3.00407409667969e-05
1751002460.3692	3.50475311279297e-05
1751002460.37935	3.60012054443359e-05
1751002460.39058	3.09944152832031e-05
1751002460.40073	2.81333923339844e-05
1751002460.41085	2.71797180175781e-05
1751002460.42098	2.90870666503906e-05
1751002460.43109	2.90870666503906e-05
1751002460.44121	3.29017639160156e-05
1751002460.45134	4.1961669921875e-05
1751002460.46147	2.69412994384766e-05
1751002460.4716	2.62260437011719e-05
1751002460.48172	2.90870666503906e-05
1751002460.49184	2.69412994384766e-05
1751002460.50196	3.09944152832031e-05
1751002460.51208	3.00407409667969e-05
1751002460.52221	2.78949737548828e-05
1751002460.53233	2.69412994384766e-05
1751002460.54245	2.59876251220703e-05
1751002460.55257	4.00543212890625e-05
1751002460.56268	3.29017639160156e-05
1751002460.57284	3.50475311279297e-05
1751002460.58298	2.98023223876953e-05
1751002460.59311	3.00407409667969e-05
1751002460.60325	2.90870666503906e-05
1751002460.61338	3.09944152832031e-05
1751002460.62351	3.00407409667969e-05
1751002460.63363	3.19480895996094e-05
1751002460.64377	3.19480895996094e-05
1751002460.65391	4.00543212890625e-05
1751002460.66405	3.38554382324219e-05
1751002460.67418	3.31401824951172e-05
1751002460.6843	3.48091125488281e-05
1751002460.6945	3.09944152832031e-05
1751002460.70463	3.29017639160156e-05
1751002460.71476	3.00407409667969e-05
1751002460.72489	3.21865081787109e-05
1751002460.73502	3.00407409667969e-05
1751002460.74515	2.88486480712891e-05
1751002460.75527	4.10079956054688e-05
1751002460.76539	3.40938568115234e-05
1751002460.77551	3.19480895996094e-05
1751002460.78564	3.21865081787109e-05
1751002460.79577	3.09944152832031e-05
1751002460.80591	3.21865081787109e-05
1751002460.81604	2.90870666503906e-05
1751002460.82618	3.31401824951172e-05
1751002460.83628	2.71797180175781e-05
1751002460.84642	3.60012054443359e-05
1751002460.85654	4.29153442382812e-05
1751002460.8667	4.91142272949219e-05
1751002460.88044	3.00407409667969e-05
1751002460.89053	3.00407409667969e-05
1751002460.90066	2.69412994384766e-05
1751002460.91079	2.59876251220703e-05
1751002460.92091	2.69412994384766e-05
1751002460.93103	2.90870666503906e-05
1751002460.94115	3.29017639160156e-05
1751002460.95126	3.19480895996094e-05
1751002460.96139	2.71797180175781e-05
1751002460.97152	3.79085540771484e-05
1751002460.98165	2.71797180175781e-05
1751002460.99177	3.09944152832031e-05
1751002461.00188	3.29017639160156e-05
1751002461.012	3.00407409667969e-05
1751002461.02213	3.19480895996094e-05
1751002461.03227	3.09944152832031e-05
1751002461.0424	2.88486480712891e-05
1751002461.05252	2.59876251220703e-05
1751002461.06264	2.81333923339844e-05
1751002461.07277	3.69548797607422e-05
1751002461.08289	3.09944152832031e-05
1751002461.093	3.09944152832031e-05
1751002461.10313	3.50475311279297e-05
1751002461.11326	3.09944152832031e-05
1751002461.12339	3.19480895996094e-05
1751002461.13353	2.69412994384766e-05
1751002461.14366	3.19480895996094e-05
1751002461.15378	3.09944152832031e-05
1751002461.16391	3.09944152832031e-05
1751002461.17404	4.00543212890625e-05
1751002461.18417	2.69412994384766e-05
1751002461.19429	3.00407409667969e-05
1751002461.20441	3.00407409667969e-05
1751002461.21454	2.90870666503906e-05
1751002461.22467	2.71797180175781e-05
1751002461.23478	2.69412994384766e-05
1751002461.2449	2.50339508056641e-05
1751002461.25502	3.09944152832031e-05
1751002461.26514	3.19480895996094e-05
1751002461.27527	3.69548797607422e-05
1751002461.2854	3.09944152832031e-05
1751002461.29552	2.69412994384766e-05
1751002461.30564	6.60419464111328e-05
1751002461.31575	4.41074371337891e-05
1751002461.32602	4.10079956054688e-05
1751002461.337	3.38554382324219e-05
1751002461.34717	3.50475311279297e-05
1751002461.35731	3.38554382324219e-05
1751002461.36746	3.38554382324219e-05
1751002461.37759	3.09944152832031e-05
1751002461.38773	4.1961669921875e-05
1751002461.39786	3.09944152832031e-05
1751002461.40798	3.19480895996094e-05
1751002461.4181	3.29017639160156e-05
1751002461.42825	3.31401824951172e-05
1751002461.43839	2.78949737548828e-05
1751002461.44852	2.90870666503906e-05
1751002461.45864	3.00407409667969e-05
1751002461.46876	3.29017639160156e-05
1751002461.47888	3.29017639160156e-05
1751002461.48899	4.60147857666016e-05
1751002461.49912	3.19480895996094e-05
1751002461.50925	3.21865081787109e-05
1751002461.51938	2.90870666503906e-05
1751002461.5295	2.90870666503906e-05
1751002461.53961	2.81333923339844e-05
1751002461.54973	3.31401824951172e-05
1751002461.55985	3.09944152832031e-05
1751002461.56998	3.00407409667969e-05
1751002461.58011	3.38554382324219e-05
1751002461.59025	4.72068786621094e-05
1751002461.60038	3.31401824951172e-05
1751002461.61051	3.60012054443359e-05
1751002461.62063	3.29017639160156e-05
1751002461.63079	3.79085540771484e-05
1751002461.64109	0.000259876251220703
1751002461.65126	3.71932983398438e-05
1751002461.66143	3.40938568115234e-05
1751002461.6716	2.90870666503906e-05
1751002461.68174	3.19480895996094e-05
1751002461.69186	5.00679016113281e-05
1751002461.702	0.000245094299316406
1751002461.71213	3.40938568115234e-05
1751002461.72227	3.31401824951172e-05
1751002461.73237	3.29017639160156e-05
1751002461.74248	3.19480895996094e-05
1751002461.75258	3.00407409667969e-05
1751002461.76269	2.69412994384766e-05
1751002461.77278	2.78949737548828e-05
1751002461.78287	3.09944152832031e-05
1751002461.79297	3.19480895996094e-05
1751002461.80311	4.00543212890625e-05
1751002461.81317	3.38554382324219e-05
1751002461.82327	3.19480895996094e-05
1751002461.83338	3.40938568115234e-05
1751002461.84348	3.31401824951172e-05
1751002461.85358	3.09944152832031e-05
1751002461.86368	3.21865081787109e-05
1751002461.87378	3.09944152832031e-05
1751002461.88387	3.38554382324219e-05
1751002461.89402	3.40938568115234e-05
1751002461.90422	4.79221343994141e-05
1751002461.91446	3.19480895996094e-05
1751002461.92456	3.19480895996094e-05
1751002461.93466	2.98023223876953e-05
1751002461.94476	3.40938568115234e-05
1751002461.95486	3.19480895996094e-05
1751002461.96497	3.29017639160156e-05
1751002461.97507	3.09944152832031e-05
1751002461.98518	3.21865081787109e-05
1751002461.99528	3.31401824951172e-05
1751002462.00539	4.10079956054688e-05
1751002462.01549	3.00407409667969e-05
1751002462.02558	3.09944152832031e-05
1751002462.03568	2.81333923339844e-05
1751002462.04577	3.38554382324219e-05
1751002462.05587	3.29017639160156e-05
1751002462.06598	3.00407409667969e-05
1751002462.07608	2.81333923339844e-05
1751002462.08618	3.00407409667969e-05
1751002462.09627	3.09944152832031e-05
1751002462.10637	4.10079956054688e-05
1751002462.11647	3.31401824951172e-05
1751002462.1267	3.19480895996094e-05
1751002462.1368	3.21865081787109e-05
1751002462.1469	3.19480895996094e-05
1751002462.157	3.09944152832031e-05
1751002462.1671	3.09944152832031e-05
1751002462.1772	3.19480895996094e-05
1751002462.1873	3.50475311279297e-05
1751002462.1974	3.19480895996094e-05
1751002462.2075	3.21865081787109e-05
1751002462.2176	4.00543212890625e-05
1751002462.2277	3.00407409667969e-05
1751002462.2378	3.09944152832031e-05
1751002462.2479	2.81333923339844e-05
1751002462.25799	3.00407409667969e-05
1751002462.26809	3.09944152832031e-05
1751002462.27818	3.19480895996094e-05
1751002462.28827	3.19480895996094e-05
1751002462.29838	3.40938568115234e-05
1751002462.30848	3.19480895996094e-05
1751002462.31858	4.22000885009766e-05
1751002462.32868	3.814697265625e-05
1751002462.33877	3.09944152832031e-05
1751002462.34891	3.31401824951172e-05
1751002462.35899	3.19480895996094e-05
1751002462.3691	3.48091125488281e-05
1751002462.3792	4.10079956054688e-05
1751002462.39009	3.29017639160156e-05
1751002462.40016	3.19480895996094e-05
1751002462.41026	3.00407409667969e-05
1751002462.42035	3.814697265625e-05
1751002462.43045	2.88486480712891e-05
1751002462.44055	3.19480895996094e-05
1751002462.45064	3.38554382324219e-05
1751002462.46074	3.00407409667969e-05
1751002462.47084	2.69412994384766e-05
1751002462.48093	3.09944152832031e-05
1751002462.49103	3.29017639160156e-05
1751002462.50112	3.40938568115234e-05
1751002462.51122	3.29017639160156e-05
1751002462.52132	3.00407409667969e-05
1751002462.53142	4.50611114501953e-05
1751002462.54151	3.29017639160156e-05
1751002462.55162	3.29017639160156e-05
1751002462.56172	3.19480895996094e-05
1751002462.57183	3.29017639160156e-05
1751002462.58193	3.19480895996094e-05
1751002462.59203	3.29017639160156e-05
1751002462.60213	3.09944152832031e-05
1751002462.61224	2.69412994384766e-05
1751002462.62236	3.00407409667969e-05
1751002462.63246	4.69684600830078e-05
1751002462.64254	3.79085540771484e-05
1751002462.65266	4.00543212890625e-05
1751002462.66277	2.90870666503906e-05
1751002462.6729	3.09944152832031e-05
1751002462.68298	3.19480895996094e-05
1751002462.69308	3.38554382324219e-05
1751002462.70318	3.09944152832031e-05
1751002462.71328	3.50475311279297e-05
1751002462.72338	3.31401824951172e-05
1751002462.73349	4.1961669921875e-05
1751002462.7436	3.31401824951172e-05
1751002462.75371	3.31401824951172e-05
1751002462.76381	3.09944152832031e-05
1751002462.77391	3.50475311279297e-05
1751002462.78401	3.31401824951172e-05
1751002462.79412	3.50475311279297e-05
1751002462.80422	3.19480895996094e-05
1751002462.81432	3.21865081787109e-05
1751002462.82442	2.90870666503906e-05
1751002462.83451	4.1961669921875e-05
1751002462.8446	3.29017639160156e-05
1751002462.8547	3.50475311279297e-05
1751002462.8648	3.09944152832031e-05
1751002462.87491	2.81333923339844e-05
1751002462.885	3.09944152832031e-05
1751002462.8951	2.90870666503906e-05
1751002462.90519	4.29153442382812e-05
1751002462.91528	3.69548797607422e-05
1751002462.92752	2.90870666503906e-05
1751002462.93764	3.09944152832031e-05
1751002462.94776	3.69548797607422e-05
1751002462.95788	2.78949737548828e-05
1751002462.968	3.09944152832031e-05
1751002462.97812	3.31401824951172e-05
1751002462.98827	3.31401824951172e-05
1751002462.99841	3.09944152832031e-05
1751002463.00854	2.69412994384766e-05
1751002463.01867	2.59876251220703e-05
1751002463.0288	2.81333923339844e-05
1751002463.03891	2.81333923339844e-05
1751002463.04903	4.79221343994141e-05
1751002463.05915	3.60012054443359e-05
1751002463.06928	3.09944152832031e-05
1751002463.07942	3.38554382324219e-05
1751002463.08955	3.19480895996094e-05
1751002463.09968	3.00407409667969e-05
1751002463.10981	3.29017639160156e-05
1751002463.11995	3.31401824951172e-05
1751002463.13008	3.29017639160156e-05
1751002463.14022	3.31401824951172e-05
1751002463.1504	4.22000885009766e-05
1751002463.16053	3.09944152832031e-05
1751002463.17066	2.88486480712891e-05
1751002463.18078	2.69412994384766e-05
1751002463.1909	2.81333923339844e-05
1751002463.20102	3.31401824951172e-05
1751002463.21113	3.29017639160156e-05
1751002463.22127	3.50475311279297e-05
1751002463.2314	2.90870666503906e-05
1751002463.24154	2.90870666503906e-05
1751002463.25166	2.88486480712891e-05
1751002463.26178	4.60147857666016e-05
1751002463.2719	4.00543212890625e-05
1751002463.28202	3.40938568115234e-05
1751002463.29216	3.00407409667969e-05
1751002463.30229	2.78949737548828e-05
1751002463.31241	2.78949737548828e-05
1751002463.32253	3.00407409667969e-05
1751002463.33263	3.09944152832031e-05
1751002463.34272	3.19480895996094e-05
1751002463.35283	3.38554382324219e-05
1751002463.36293	4.50611114501953e-05
1751002463.37303	3.60012054443359e-05
1751002463.38314	3.50475311279297e-05
1751002463.39377	3.60012054443359e-05
1751002463.40382	3.09944152832031e-05
1751002463.41395	3.19480895996094e-05
1751002463.42409	3.00407409667969e-05
1751002463.43419	2.78949737548828e-05
1751002463.44429	2.69412994384766e-05
1751002463.45438	2.71797180175781e-05
1751002463.46447	4.60147857666016e-05
1751002463.47457	3.50475311279297e-05
1751002463.48467	3.19480895996094e-05
1751002463.49477	3.09944152832031e-05
1751002463.50487	2.69412994384766e-05
1751002463.51497	2.69412994384766e-05
1751002463.52506	2.69412994384766e-05
1751002463.53516	2.90870666503906e-05
1751002463.54525	3.29017639160156e-05
1751002463.55535	2.98023223876953e-05
1751002463.56545	3.19480895996094e-05
1751002463.57555	4.50611114501953e-05
1751002463.58566	3.09944152832031e-05
1751002463.59576	3.19480895996094e-05
1751002463.6059	3.29017639160156e-05
1751002463.61607	3.09944152832031e-05
1751002463.62618	3.21865081787109e-05
1751002463.63628	3.09944152832031e-05
1751002463.64639	3.29017639160156e-05
1751002463.65649	2.90870666503906e-05
1751002463.66659	2.98023223876953e-05
1751002463.67668	4.60147857666016e-05
1751002463.68678	3.09944152832031e-05
1751002463.69688	2.90870666503906e-05
1751002463.70698	2.71797180175781e-05
1751002463.71707	2.59876251220703e-05
1751002463.72716	2.88486480712891e-05
1751002463.73726	3.29017639160156e-05
1751002463.74744	3.40938568115234e-05
1751002463.75747	3.21865081787109e-05
1751002463.76757	3.00407409667969e-05
1751002463.77767	3.69548797607422e-05
1751002463.78777	2.88486480712891e-05
1751002463.79786	2.90870666503906e-05
1751002463.80801	3.40938568115234e-05
1751002463.81811	3.19480895996094e-05
1751002463.82821	3.29017639160156e-05
1751002463.83831	2.90870666503906e-05
1751002463.84842	2.71797180175781e-05
1751002463.85851	2.78949737548828e-05
1751002463.8686	3.00407409667969e-05
1751002463.8787	5.60283660888672e-05
1751002463.88879	3.40938568115234e-05
1751002463.90048	2.88486480712891e-05
1751002463.91056	2.90870666503906e-05
1751002463.92069	2.59876251220703e-05
1751002463.93081	2.78949737548828e-05
1751002463.94092	3.09944152832031e-05
1751002463.95107	3.00407409667969e-05
1751002463.96121	3.09944152832031e-05
1751002463.97134	3.19480895996094e-05
1751002463.98148	3.19480895996094e-05
1751002463.99162	5.48362731933594e-05
1751002464.00175	3.50475311279297e-05
1751002464.01189	3.31401824951172e-05
1751002464.02203	3.19480895996094e-05
1751002464.03216	3.40938568115234e-05
1751002464.04229	3.69548797607422e-05
1751002464.05243	3.19480895996094e-05
1751002464.06257	3.09944152832031e-05
1751002464.0727	3.00407409667969e-05
1751002464.08283	3.19480895996094e-05
1751002464.09296	4.1961669921875e-05
1751002464.1031	3.09944152832031e-05
1751002464.11323	3.09944152832031e-05
1751002464.12336	3.09944152832031e-05
1751002464.1335	3.00407409667969e-05
1751002464.14359	3.00407409667969e-05
1751002464.15369	3.00407409667969e-05
1751002464.16379	2.90870666503906e-05
1751002464.17389	2.90870666503906e-05
1751002464.18399	2.71797180175781e-05
1751002464.19408	3.79085540771484e-05
1751002464.20417	3.40938568115234e-05
1751002464.21427	3.50475311279297e-05
1751002464.22438	3.09944152832031e-05
1751002464.23449	2.88486480712891e-05
1751002464.24459	3.19480895996094e-05
1751002464.25469	2.98023223876953e-05
1751002464.26479	3.21865081787109e-05
1751002464.27489	3.09944152832031e-05
1751002464.28501	3.19480895996094e-05
1751002464.2951	4.81605529785156e-05
1751002464.30521	3.19480895996094e-05
1751002464.31532	3.00407409667969e-05
1751002464.32542	3.09944152832031e-05
1751002464.33552	3.09944152832031e-05
1751002464.34579	3.31401824951172e-05
1751002464.35574	3.40938568115234e-05
1751002464.36584	2.88486480712891e-05
1751002464.37594	3.09944152832031e-05
1751002464.38603	2.81333923339844e-05
1751002464.39613	3.00407409667969e-05
1751002464.40622	3.71932983398438e-05
1751002464.41629	3.69548797607422e-05
1751002464.42638	3.38554382324219e-05
1751002464.43675	3.31401824951172e-05
1751002464.44685	3.19480895996094e-05
1751002464.45698	3.09944152832031e-05
1751002464.46712	2.90870666503906e-05
1751002464.47724	3.00407409667969e-05
1751002464.48736	3.09944152832031e-05
1751002464.49748	3.19480895996094e-05
1751002464.5076	4.1961669921875e-05
1751002464.51774	3.31401824951172e-05
1751002464.52787	3.00407409667969e-05
1751002464.538	3.09944152832031e-05
1751002464.54813	2.71797180175781e-05
1751002464.55826	2.88486480712891e-05
1751002464.56838	3.00407409667969e-05
1751002464.57849	3.19480895996094e-05
1751002464.58861	3.19480895996094e-05
1751002464.59878	2.98023223876953e-05
1751002464.60893	4.29153442382812e-05
1751002464.61906	3.19480895996094e-05
1751002464.62919	3.60012054443359e-05
1751002464.63933	3.69548797607422e-05
1751002464.64946	3.00407409667969e-05
1751002464.65959	3.09944152832031e-05
1751002464.66972	3.00407409667969e-05
1751002464.67985	3.09944152832031e-05
1751002464.68998	2.90870666503906e-05
1751002464.70011	2.62260437011719e-05
1751002464.71023	3.60012054443359e-05
1751002464.72035	3.29017639160156e-05
1751002464.73046	3.21865081787109e-05
1751002464.74072	3.19480895996094e-05
1751002464.75085	2.69412994384766e-05
1751002464.76098	2.69412994384766e-05
1751002464.77111	2.90870666503906e-05
1751002464.78123	3.09944152832031e-05
1751002464.79135	3.09944152832031e-05
1751002464.80148	3.60012054443359e-05
1751002464.81161	2.88486480712891e-05
1751002464.82176	4.1961669921875e-05
1751002464.83188	2.90870666503906e-05
1751002464.84201	2.50339508056641e-05
1751002464.85212	2.78949737548828e-05
1751002464.86224	3.19480895996094e-05
1751002464.87235	2.88486480712891e-05
1751002464.88247	2.90870666503906e-05
1751002464.89259	3.88622283935547e-05
1751002464.90271	3.79085540771484e-05
1751002464.91286	3.19480895996094e-05
1751002464.92302	3.79085540771484e-05
1751002464.93317	2.98023223876953e-05
1751002464.94327	3.09944152832031e-05
1751002464.95337	2.90870666503906e-05
1751002464.96347	2.78949737548828e-05
1751002464.97357	2.78949737548828e-05
1751002464.98366	2.59876251220703e-05
1751002464.99376	3.00407409667969e-05
1751002465.00385	3.38554382324219e-05
1751002465.01395	3.31401824951172e-05
1751002465.02418	3.88622283935547e-05
1751002465.03428	2.81333923339844e-05
1751002465.04437	2.59876251220703e-05
1751002465.05446	2.88486480712891e-05
1751002465.06455	3.50475311279297e-05
1751002465.07468	3.40938568115234e-05
1751002465.08476	3.09944152832031e-05
1751002465.09486	3.19480895996094e-05
1751002465.10496	3.00407409667969e-05
1751002465.11506	3.31401824951172e-05
1751002465.12517	3.09944152832031e-05
1751002465.13527	4.41074371337891e-05
1751002465.14537	3.09944152832031e-05
1751002465.15554	3.38554382324219e-05
1751002465.16567	3.00407409667969e-05
1751002465.17569	2.98023223876953e-05
1751002465.18579	2.81333923339844e-05
1751002465.19589	2.69412994384766e-05
1751002465.20599	2.71797180175781e-05
1751002465.21608	3.09944152832031e-05
1751002465.22618	3.19480895996094e-05
1751002465.23628	4.00543212890625e-05
1751002465.24638	2.71797180175781e-05
1751002465.25649	2.59876251220703e-05
1751002465.26658	2.81333923339844e-05
1751002465.27667	4.10079956054688e-05
1751002465.28677	3.50475311279297e-05
1751002465.29751	6.103515625e-05
1751002465.308	3.60012054443359e-05
1751002465.3182	3.00407409667969e-05
1751002465.32853	3.00407409667969e-05
1751002465.33866	3.48091125488281e-05
1751002465.34879	3.19480895996094e-05
1751002465.3589	3.19480895996094e-05
1751002465.36902	3.31401824951172e-05
1751002465.37915	3.19480895996094e-05
1751002465.38929	3.29017639160156e-05
1751002465.39942	3.09944152832031e-05
1751002465.40955	2.90870666503906e-05
1751002465.41968	2.71797180175781e-05
1751002465.4298	2.78949737548828e-05
1751002465.43993	3.69548797607422e-05
1751002465.45005	5.00679016113281e-05
1751002465.46026	3.31401824951172e-05
1751002465.47073	3.29017639160156e-05
1751002465.48087	3.09944152832031e-05
1751002465.491	3.48091125488281e-05
1751002465.50113	3.00407409667969e-05
1751002465.51126	3.09944152832031e-05
1751002465.52138	3.69548797607422e-05
1751002465.53152	3.09944152832031e-05
1751002465.54166	3.60012054443359e-05
1751002465.55199	4.00543212890625e-05
1751002465.56211	3.38554382324219e-05
1751002465.57232	3.31401824951172e-05
1751002465.58247	2.88486480712891e-05
1751002465.59275	3.19480895996094e-05
1751002465.60288	3.31401824951172e-05
1751002465.61298	3.29017639160156e-05
1751002465.62309	2.88486480712891e-05
1751002465.63318	2.71797180175781e-05
1751002465.64329	2.78949737548828e-05
1751002465.65338	4.50611114501953e-05
1751002465.66347	3.00407409667969e-05
1751002465.67358	3.09944152832031e-05
1751002465.68367	3.09944152832031e-05
1751002465.69378	3.29017639160156e-05
1751002465.70388	2.90870666503906e-05
1751002465.71397	3.09944152832031e-05
1751002465.72407	3.00407409667969e-05
1751002465.73418	2.88486480712891e-05
1751002465.74429	2.69412994384766e-05
1751002465.75438	3.69548797607422e-05
1751002465.76447	3.21865081787109e-05
1751002465.7746	3.00407409667969e-05
1751002465.78467	3.19480895996094e-05
1751002465.79478	3.19480895996094e-05
1751002465.80488	3.00407409667969e-05
1751002465.81498	3.38554382324219e-05
1751002465.82508	3.00407409667969e-05
1751002465.83519	2.90870666503906e-05
1751002465.84528	2.78949737548828e-05
1751002465.85537	2.90870666503906e-05
1751002465.86547	4.10079956054688e-05
1751002465.87557	3.00407409667969e-05
1751002465.88568	2.88486480712891e-05
1751002465.89578	3.09944152832031e-05
1751002465.90588	3.19480895996094e-05
1751002465.91598	3.50475311279297e-05
1751002465.92607	2.88486480712891e-05
1751002465.93617	3.60012054443359e-05
1751002465.94626	3.50475311279297e-05
1751002465.95837	3.60012054443359e-05
1751002465.96851	3.69548797607422e-05
1751002465.97866	2.69412994384766e-05
1751002465.98879	3.00407409667969e-05
1751002465.99891	3.60012054443359e-05
1751002466.00903	3.09944152832031e-05
1751002466.01916	3.00407409667969e-05
1751002466.02929	2.88486480712891e-05
1751002466.03942	3.50475311279297e-05
1751002466.04956	3.00407409667969e-05
1751002466.05968	3.00407409667969e-05
1751002466.06981	3.814697265625e-05
1751002466.07993	3.00407409667969e-05
1751002466.09005	3.09944152832031e-05
1751002466.10018	2.90870666503906e-05
1751002466.11031	3.79085540771484e-05
1751002466.12045	3.40938568115234e-05
1751002466.13058	2.98023223876953e-05
1751002466.1409	3.19480895996094e-05
1751002466.15104	3.40938568115234e-05
1751002466.16122	3.50475311279297e-05
1751002466.17136	4.81605529785156e-05
1751002466.18148	3.31401824951172e-05
1751002466.19168	3.31401824951172e-05
1751002466.20181	3.40938568115234e-05
1751002466.21195	3.19480895996094e-05
1751002466.22209	2.78949737548828e-05
1751002466.23223	2.81333923339844e-05
1751002466.24235	2.69412994384766e-05
1751002466.25247	3.48091125488281e-05
1751002466.26259	2.98023223876953e-05
1751002466.27272	2.81333923339844e-05
1751002466.28286	3.60012054443359e-05
1751002466.29298	2.98023223876953e-05
1751002466.30308	3.60012054443359e-05
1751002466.31317	3.60012054443359e-05
1751002466.32368	3.48091125488281e-05
1751002466.33378	3.40938568115234e-05
1751002466.34388	2.98023223876953e-05
1751002466.35398	3.50475311279297e-05
1751002466.36408	3.29017639160156e-05
1751002466.37418	3.09944152832031e-05
1751002466.38428	4.1961669921875e-05
1751002466.39438	2.88486480712891e-05
1751002466.40448	3.29017639160156e-05
1751002466.41459	3.814697265625e-05
1751002466.4247	3.91006469726562e-05
1751002466.43695	3.38554382324219e-05
1751002466.44707	3.60012054443359e-05
1751002466.45717	2.90870666503906e-05
1751002466.46728	2.81333923339844e-05
1751002466.47737	2.81333923339844e-05
1751002466.48747	3.79085540771484e-05
1751002466.49756	3.88622283935547e-05
1751002466.50766	3.29017639160156e-05
1751002466.51782	3.40938568115234e-05
1751002466.52789	3.19480895996094e-05
1751002466.538	3.09944152832031e-05
1751002466.5481	3.00407409667969e-05
1751002466.5582	3.00407409667969e-05
1751002466.5683	3.19480895996094e-05
1751002466.5784	3.29017639160156e-05
1751002466.58851	4.22000885009766e-05
1751002466.5986	3.09944152832031e-05
1751002466.60869	3.40938568115234e-05
1751002466.61879	3.09944152832031e-05
1751002466.62889	3.60012054443359e-05
1751002466.63899	4.48226928710938e-05
1751002466.64913	3.40938568115234e-05
1751002466.65927	3.09944152832031e-05
1751002466.66938	3.19480895996094e-05
1751002466.67947	3.50475311279297e-05
1751002466.68957	3.38554382324219e-05
1751002466.69968	4.38690185546875e-05
1751002466.70978	3.60012054443359e-05
1751002466.71988	3.00407409667969e-05
1751002466.72999	3.19480895996094e-05
1751002466.7401	3.38554382324219e-05
1751002466.75022	3.19480895996094e-05
1751002466.76031	3.40938568115234e-05
1751002466.7704	3.48091125488281e-05
1751002466.7805	2.88486480712891e-05
1751002466.79061	3.00407409667969e-05
1751002466.8007	3.69548797607422e-05
1751002466.81084	3.29017639160156e-05
1751002466.82093	3.60012054443359e-05
1751002466.83105	3.21865081787109e-05
1751002466.84115	3.69548797607422e-05
1751002466.85125	3.31401824951172e-05
1751002466.86136	3.88622283935547e-05
1751002466.87146	3.09944152832031e-05
1751002466.88157	3.19480895996094e-05
1751002466.89167	3.69548797607422e-05
1751002466.90177	4.00543212890625e-05
1751002466.91187	3.38554382324219e-05
1751002466.92197	3.60012054443359e-05
1751002466.93209	3.50475311279297e-05
1751002466.94437	2.90870666503906e-05
1751002466.95446	3.69548797607422e-05
1751002466.96458	2.71797180175781e-05
1751002466.9747	3.09944152832031e-05
1751002466.98482	2.88486480712891e-05
1751002466.99497	2.90870666503906e-05
1751002467.00513	2.69412994384766e-05
1751002467.01525	3.38554382324219e-05
1751002467.02538	3.29017639160156e-05
1751002467.03549	2.90870666503906e-05
1751002467.04561	3.29017639160156e-05
1751002467.05573	2.59876251220703e-05
1751002467.06586	2.50339508056641e-05
1751002467.07598	2.81333923339844e-05
1751002467.0861	2.78949737548828e-05
1751002467.09623	3.19480895996094e-05
1751002467.10635	3.19480895996094e-05
1751002467.11648	3.60012054443359e-05
1751002467.12662	2.88486480712891e-05
1751002467.13674	2.81333923339844e-05
1751002467.14686	2.78949737548828e-05
1751002467.15698	3.00407409667969e-05
1751002467.16713	3.09944152832031e-05
1751002467.17725	3.21865081787109e-05
1751002467.18739	3.00407409667969e-05
1751002467.19752	3.19480895996094e-05
1751002467.20765	2.90870666503906e-05
1751002467.21779	4.1961669921875e-05
1751002467.22791	3.38554382324219e-05
1751002467.23803	2.90870666503906e-05
1751002467.24815	3.21865081787109e-05
1751002467.25827	3.09944152832031e-05
1751002467.2684	3.38554382324219e-05
1751002467.27853	3.09944152832031e-05
1751002467.28866	3.00407409667969e-05
1751002467.29879	3.19480895996094e-05
1751002467.30892	2.90870666503906e-05
1751002467.31905	4.1961669921875e-05
1751002467.32917	3.19480895996094e-05
1751002467.33929	3.29017639160156e-05
1751002467.34941	3.29017639160156e-05
1751002467.35955	3.09944152832031e-05
1751002467.36965	3.09944152832031e-05
1751002467.37975	2.78949737548828e-05
1751002467.38985	2.78949737548828e-05
1751002467.39995	2.81333923339844e-05
1751002467.41004	3.09944152832031e-05
1751002467.42014	3.09944152832031e-05
1751002467.43024	5.69820404052734e-05
1751002467.44034	3.50475311279297e-05
1751002467.45046	3.09944152832031e-05
1751002467.46057	3.09944152832031e-05
1751002467.47071	3.19480895996094e-05
1751002467.48094	3.00407409667969e-05
1751002467.49105	2.69412994384766e-05
1751002467.50115	2.88486480712891e-05
1751002467.51124	2.59876251220703e-05
1751002467.52134	2.90870666503906e-05
1751002467.53143	4.41074371337891e-05
1751002467.54153	3.40938568115234e-05
1751002467.55163	3.38554382324219e-05
1751002467.56174	2.90870666503906e-05
1751002467.57184	3.09944152832031e-05
1751002467.58194	3.09944152832031e-05
1751002467.59204	3.09944152832031e-05
1751002467.60215	3.60012054443359e-05
1751002467.61225	2.88486480712891e-05
1751002467.62236	2.81333923339844e-05
1751002467.63245	3.60012054443359e-05
1751002467.64254	3.69548797607422e-05
1751002467.65263	4.10079956054688e-05
1751002467.66351	3.19480895996094e-05
1751002467.67361	3.19480895996094e-05
1751002467.68371	2.88486480712891e-05
1751002467.69381	2.98023223876953e-05
1751002467.70392	2.59876251220703e-05
1751002467.71401	2.78949737548828e-05
1751002467.72411	2.78949737548828e-05
1751002467.73421	3.71932983398438e-05
1751002467.74431	3.09944152832031e-05
1751002467.75438	2.90870666503906e-05
1751002467.76449	2.81333923339844e-05
1751002467.77459	2.59876251220703e-05
1751002467.78469	2.90870666503906e-05
1751002467.79478	3.09944152832031e-05
1751002467.80488	3.40938568115234e-05
1751002467.81497	3.09944152832031e-05
1751002467.82508	3.09944152832031e-05
1751002467.83518	2.90870666503906e-05
1751002467.84528	3.71932983398438e-05
1751002467.85538	2.90870666503906e-05
1751002467.86548	2.90870666503906e-05
1751002467.87558	3.00407409667969e-05
1751002467.88568	2.88486480712891e-05
1751002467.89579	3.00407409667969e-05
1751002467.90589	2.69412994384766e-05
1751002467.91599	2.90870666503906e-05
1751002467.92608	3.09944152832031e-05
1751002467.93619	3.00407409667969e-05
1751002467.94628	5.38825988769531e-05
1751002467.95644	3.29017639160156e-05
1751002467.9721	2.69412994384766e-05
1751002467.9822	2.50339508056641e-05
1751002467.99229	2.90870666503906e-05
1751002468.0024	2.98023223876953e-05
1751002468.01253	3.29017639160156e-05
1751002468.0227	2.90870666503906e-05
1751002468.03284	2.69412994384766e-05
1751002468.04298	3.31401824951172e-05
1751002468.0531	3.29017639160156e-05
1751002468.06322	3.09944152832031e-05
1751002468.07335	3.00407409667969e-05
1751002468.08347	3.09944152832031e-05
1751002468.0936	2.90870666503906e-05
1751002468.10373	3.00407409667969e-05
1751002468.11386	3.00407409667969e-05
1751002468.124	3.29017639160156e-05
1751002468.13413	2.88486480712891e-05
1751002468.14427	3.40938568115234e-05
1751002468.1544	4.10079956054688e-05
1751002468.16452	3.09944152832031e-05
1751002468.17466	2.98023223876953e-05
1751002468.18479	2.90870666503906e-05
1751002468.19493	3.00407409667969e-05
1751002468.20513	2.88486480712891e-05
1751002468.21526	3.09944152832031e-05
1751002468.22539	2.88486480712891e-05
1751002468.23552	2.81333923339844e-05
1751002468.24565	2.69412994384766e-05
1751002468.25577	3.88622283935547e-05
1751002468.26589	2.69412994384766e-05
1751002468.27601	3.31401824951172e-05
1751002468.28613	3.00407409667969e-05
1751002468.29626	3.00407409667969e-05
1751002468.30639	2.78949737548828e-05
1751002468.31651	3.00407409667969e-05
1751002468.32664	2.59876251220703e-05
1751002468.33676	2.88486480712891e-05
1751002468.34688	2.90870666503906e-05
1751002468.357	3.19480895996094e-05
1751002468.36712	3.31401824951172e-05
1751002468.37725	2.81333923339844e-05
1751002468.38738	2.59876251220703e-05
1751002468.3975	2.69412994384766e-05
1751002468.40762	2.98023223876953e-05
1751002468.41774	3.19480895996094e-05
1751002468.42787	2.81333923339844e-05
1751002468.438	3.09944152832031e-05
1751002468.44814	3.00407409667969e-05
1751002468.45826	3.19480895996094e-05
1751002468.46838	4.60147857666016e-05
1751002468.47851	3.00407409667969e-05
1751002468.48889	3.09944152832031e-05
1751002468.49905	2.69412994384766e-05
1751002468.50919	2.69412994384766e-05
1751002468.51931	3.00407409667969e-05
1751002468.52943	3.814697265625e-05
1751002468.53956	2.78949737548828e-05
1751002468.55111	3.00407409667969e-05
1751002468.56125	3.31401824951172e-05
1751002468.57138	3.69548797607422e-05
1751002468.58151	3.40938568115234e-05
1751002468.59164	3.29017639160156e-05
1751002468.60177	2.98023223876953e-05
1751002468.61191	2.88486480712891e-05
1751002468.62215	2.78949737548828e-05
1751002468.63228	2.81333923339844e-05
1751002468.64241	2.90870666503906e-05
1751002468.65253	3.09944152832031e-05
1751002468.66266	3.00407409667969e-05
1751002468.67278	6.00814819335938e-05
1751002468.6829	2.69412994384766e-05
1751002468.69303	2.59876251220703e-05
1751002468.70316	2.88486480712891e-05
1751002468.71327	2.81333923339844e-05
1751002468.7234	3.814697265625e-05
1751002468.73352	3.19480895996094e-05
1751002468.7437	2.81333923339844e-05
1751002468.75384	3.00407409667969e-05
1751002468.76397	2.59876251220703e-05
1751002468.7741	3.38554382324219e-05
1751002468.78423	3.19480895996094e-05
1751002468.79438	3.09944152832031e-05
1751002468.8046	2.69412994384766e-05
1751002468.81473	2.81333923339844e-05
1751002468.82485	3.09944152832031e-05
1751002468.83497	3.09944152832031e-05
1751002468.8452	3.00407409667969e-05
1751002468.85575	3.19480895996094e-05
1751002468.86587	3.09944152832031e-05
1751002468.876	2.69412994384766e-05
1751002468.88612	4.50611114501953e-05
1751002468.89625	2.71797180175781e-05
1751002468.90637	3.40938568115234e-05
1751002468.91649	3.09944152832031e-05
1751002468.92663	3.21865081787109e-05
1751002468.93691	4.00543212890625e-05
1751002468.94704	3.48091125488281e-05
1751002468.96038	2.88486480712891e-05
1751002468.97047	3.09944152832031e-05
1751002468.98061	2.69412994384766e-05
1751002468.99074	4.00543212890625e-05
1751002469.00086	2.98023223876953e-05
1751002469.01098	2.88486480712891e-05
1751002469.02116	3.00407409667969e-05
1751002469.03129	2.78949737548828e-05
1751002469.04142	2.69412994384766e-05
1751002469.05155	3.09944152832031e-05
1751002469.06167	3.09944152832031e-05
1751002469.07183	3.09944152832031e-05
1751002469.08196	3.29017639160156e-05
1751002469.0921	3.50475311279297e-05
1751002469.10222	2.71797180175781e-05
1751002469.11234	2.69412994384766e-05
1751002469.12246	2.69412994384766e-05
1751002469.13258	3.19480895996094e-05
1751002469.1427	3.29017639160156e-05
1751002469.15283	3.09944152832031e-05
1751002469.16297	2.90870666503906e-05
1751002469.1731	3.09944152832031e-05
1751002469.18323	3.29017639160156e-05
1751002469.19336	4.48226928710938e-05
1751002469.2035	3.29017639160156e-05
1751002469.21363	2.69412994384766e-05
1751002469.22377	2.78949737548828e-05
1751002469.23389	2.90870666503906e-05
1751002469.24401	3.60012054443359e-05
1751002469.25415	3.31401824951172e-05
1751002469.26429	3.09944152832031e-05
1751002469.27443	3.00407409667969e-05
1751002469.28456	3.19480895996094e-05
1751002469.29469	4.1961669921875e-05
1751002469.30482	3.09944152832031e-05
1751002469.31496	3.00407409667969e-05
1751002469.32509	3.00407409667969e-05
1751002469.33522	2.81333923339844e-05
1751002469.34535	2.71797180175781e-05
1751002469.35548	2.69412994384766e-05
1751002469.3656	2.98023223876953e-05
1751002469.37572	3.00407409667969e-05
1751002469.38584	3.19480895996094e-05
1751002469.39597	2.81333923339844e-05
1751002469.4061	3.60012054443359e-05
1751002469.41623	2.90870666503906e-05
1751002469.42635	2.88486480712891e-05
1751002469.43648	3.91006469726562e-05
1751002469.4466	3.79085540771484e-05
1751002469.4604	2.90870666503906e-05
1751002469.47049	2.69412994384766e-05
1751002469.48062	2.69412994384766e-05
1751002469.49074	3.09944152832031e-05
1751002469.50086	3.21865081787109e-05
1751002469.51099	4.00543212890625e-05
1751002469.52112	2.69412994384766e-05
1751002469.53126	2.69412994384766e-05
1751002469.54138	2.69412994384766e-05
1751002469.55151	2.69412994384766e-05
1751002469.56163	3.00407409667969e-05
1751002469.57175	3.00407409667969e-05
1751002469.58188	3.12328338623047e-05
1751002469.59202	2.81333923339844e-05
1751002469.60215	2.88486480712891e-05
1751002469.61229	3.79085540771484e-05
1751002469.62241	3.00407409667969e-05
1751002469.63253	3.40938568115234e-05
1751002469.64268	3.50475311279297e-05
1751002469.65281	3.19480895996094e-05
1751002469.66294	3.09944152832031e-05
1751002469.67308	2.90870666503906e-05
1751002469.68321	3.29017639160156e-05
1751002469.69334	3.09944152832031e-05
1751002469.70348	3.21865081787109e-05
1751002469.71361	4.50611114501953e-05
1751002469.72374	3.19480895996094e-05
1751002469.73388	3.19480895996094e-05
1751002469.74402	3.09944152832031e-05
1751002469.75415	3.19480895996094e-05
1751002469.76429	2.98023223876953e-05
1751002469.77442	2.81333923339844e-05
1751002469.78455	2.78949737548828e-05
1751002469.79468	3.38554382324219e-05
1751002469.8048	3.09944152832031e-05
1751002469.81493	4.41074371337891e-05
1751002469.82506	3.21865081787109e-05
1751002469.8352	3.19480895996094e-05
1751002469.84534	3.31401824951172e-05
1751002469.85547	2.78949737548828e-05
1751002469.8656	2.78949737548828e-05
1751002469.87573	2.71797180175781e-05
1751002469.88585	2.81333923339844e-05
1751002469.89597	3.09944152832031e-05
1751002469.90609	3.09944152832031e-05
1751002469.91623	3.29017639160156e-05
1751002469.92636	4.10079956054688e-05
1751002469.93649	3.29017639160156e-05
1751002469.94663	2.90870666503906e-05
1751002469.95677	2.81333923339844e-05
1751002469.96689	2.81333923339844e-05
1751002469.97701	2.78949737548828e-05
1751002469.98713	3.60012054443359e-05
1751002469.99725	3.50475311279297e-05
1751002470.01069	3.19480895996094e-05
1751002470.0208	3.09944152832031e-05
1751002470.03093	4.31537628173828e-05
1751002470.04106	2.98023223876953e-05
1751002470.05119	3.31401824951172e-05
1751002470.06132	3.31401824951172e-05
1751002470.07145	3.60012054443359e-05
1751002470.08159	3.40938568115234e-05
1751002470.09173	3.50475311279297e-05
1751002470.10187	3.40938568115234e-05
1751002470.11201	3.40938568115234e-05
1751002470.12214	3.31401824951172e-05
1751002470.13228	4.29153442382812e-05
1751002470.14242	3.38554382324219e-05
1751002470.15255	3.19480895996094e-05
1751002470.16269	3.29017639160156e-05
1751002470.17283	3.09944152832031e-05
1751002470.18296	2.98023223876953e-05
1751002470.19309	3.21865081787109e-05
1751002470.20321	3.31401824951172e-05
1751002470.21334	3.38554382324219e-05
1751002470.22347	3.40938568115234e-05
1751002470.23361	4.29153442382812e-05
1751002470.24375	3.19480895996094e-05
1751002470.25388	3.19480895996094e-05
1751002470.26401	3.21865081787109e-05
1751002470.27414	3.19480895996094e-05
1751002470.28428	3.79085540771484e-05
1751002470.29441	4.10079956054688e-05
1751002470.30836	3.50475311279297e-05
1751002470.31848	3.29017639160156e-05
1751002470.32863	3.19480895996094e-05
1751002470.33876	0.000181913375854492
1751002470.3489	3.29017639160156e-05
1751002470.35903	3.31401824951172e-05
1751002470.36916	2.98023223876953e-05
1751002470.37929	3.09944152832031e-05
1751002470.3894	2.88486480712891e-05
1751002470.39952	3.09944152832031e-05
1751002470.40963	3.38554382324219e-05
1751002470.41974	3.29017639160156e-05
1751002470.42988	3.31401824951172e-05
1751002470.44	4.31537628173828e-05
1751002470.45013	3.19480895996094e-05
1751002470.46026	3.19480895996094e-05
1751002470.47038	3.09944152832031e-05
1751002470.48049	4.00543212890625e-05
1751002470.49064	3.50475311279297e-05
1751002470.50213	3.29017639160156e-05
1751002470.51224	4.10079956054688e-05
1751002470.52237	3.29017639160156e-05
1751002470.53254	2.71797180175781e-05
1751002470.54268	4.60147857666016e-05
1751002470.5528	2.88486480712891e-05
1751002470.56314	3.19480895996094e-05
1751002470.57327	3.00407409667969e-05
1751002470.5834	2.78949737548828e-05
1751002470.59353	2.71797180175781e-05
1751002470.60365	2.81333923339844e-05
1751002470.61377	3.00407409667969e-05
1751002470.62389	4.00543212890625e-05
1751002470.63401	3.09944152832031e-05
1751002470.64413	3.38554382324219e-05
1751002470.65426	3.69548797607422e-05
1751002470.66441	3.19480895996094e-05
1751002470.67468	3.09944152832031e-05
1751002470.6848	2.88486480712891e-05
1751002470.69493	2.88486480712891e-05
1751002470.70506	2.90870666503906e-05
1751002470.71519	3.09944152832031e-05
1751002470.72532	3.00407409667969e-05
1751002470.73545	3.69548797607422e-05
1751002470.74558	3.31401824951172e-05
1751002470.75574	4.10079956054688e-05
1751002470.76589	3.21865081787109e-05
1751002470.77601	2.88486480712891e-05
1751002470.78613	2.90870666503906e-05
1751002470.79626	2.78949737548828e-05
1751002470.80638	2.90870666503906e-05
1751002470.8165	3.00407409667969e-05
1751002470.82663	3.21865081787109e-05
1751002470.83675	2.90870666503906e-05
1751002470.84688	2.59876251220703e-05
1751002470.857	3.88622283935547e-05
1751002470.86712	2.69412994384766e-05
1751002470.87723	2.78949737548828e-05
1751002470.88735	2.98023223876953e-05
1751002470.89747	2.69412994384766e-05
1751002470.90759	2.78949737548828e-05
1751002470.91772	2.69412994384766e-05
1751002470.92785	2.78949737548828e-05
1751002470.93798	3.09944152832031e-05
1751002470.9481	3.31401824951172e-05
1751002470.95822	4.50611114501953e-05
1751002470.96834	3.21865081787109e-05
1751002470.97848	2.69412994384766e-05
1751002470.98862	3.00407409667969e-05
1751002470.99874	2.69412994384766e-05
1751002471.00887	3.50475311279297e-05
1751002471.01899	3.09944152832031e-05
1751002471.02916	3.09944152832031e-05
1751002471.03929	3.09944152832031e-05
1751002471.0495	3.19480895996094e-05
1751002471.05962	2.90870666503906e-05
1751002471.06975	3.79085540771484e-05
1751002471.07987	2.81333923339844e-05
1751002471.08999	2.90870666503906e-05
1751002471.10011	2.88486480712891e-05
1751002471.11023	3.00407409667969e-05
1751002471.12037	3.00407409667969e-05
1751002471.13049	2.59876251220703e-05
1751002471.14061	2.78949737548828e-05
1751002471.15073	2.88486480712891e-05
1751002471.16085	3.00407409667969e-05
1751002471.17096	3.91006469726562e-05
1751002471.18108	2.90870666503906e-05
1751002471.19121	2.78949737548828e-05
1751002471.20133	2.69412994384766e-05
1751002471.21145	2.88486480712891e-05
1751002471.22157	2.59876251220703e-05
1751002471.23169	2.90870666503906e-05
1751002471.24181	3.19480895996094e-05
1751002471.25193	3.09944152832031e-05
1751002471.26206	2.90870666503906e-05
1751002471.27219	4.1961669921875e-05
1751002471.28231	2.90870666503906e-05
1751002471.29244	3.09944152832031e-05
1751002471.30254	3.60012054443359e-05
1751002471.31264	3.09944152832031e-05
1751002471.32306	3.40938568115234e-05
1751002471.33315	3.09944152832031e-05
1751002471.34324	3.09944152832031e-05
1751002471.35334	2.71797180175781e-05
1751002471.36344	2.71797180175781e-05
1751002471.37353	2.69412994384766e-05
1751002471.38362	3.60012054443359e-05
1751002471.39371	3.00407409667969e-05
1751002471.40381	3.21865081787109e-05
1751002471.41391	2.81333923339844e-05
1751002471.42401	2.88486480712891e-05
1751002471.4341	2.78949737548828e-05
1751002471.44419	3.00407409667969e-05
1751002471.45428	3.09944152832031e-05
1751002471.4644	3.48091125488281e-05
1751002471.4745	3.19480895996094e-05
1751002471.48463	4.88758087158203e-05
1751002471.49472	3.21865081787109e-05
1751002471.50484	3.00407409667969e-05
1751002471.51493	2.78949737548828e-05
1751002471.52503	2.78949737548828e-05
1751002471.53512	2.90870666503906e-05
1751002471.54522	2.81333923339844e-05
1751002471.55531	3.09944152832031e-05
1751002471.5654	3.09944152832031e-05
1751002471.57549	2.81333923339844e-05
1751002471.58559	3.60012054443359e-05
1751002471.59568	3.09944152832031e-05
1751002471.60578	2.78949737548828e-05
1751002471.61588	3.31401824951172e-05
1751002471.62597	3.79085540771484e-05
1751002471.63607	4.00543212890625e-05
1751002471.6524	3.19480895996094e-05
1751002471.66251	3.19480895996094e-05
1751002471.67264	3.21865081787109e-05
1751002471.68279	3.21865081787109e-05
1751002471.69292	3.98159027099609e-05
1751002471.70304	2.98023223876953e-05
1751002471.71317	2.88486480712891e-05
1751002471.7233	3.09944152832031e-05
1751002471.73342	3.00407409667969e-05
1751002471.74356	2.90870666503906e-05
1751002471.75369	3.09944152832031e-05
1751002471.76381	3.00407409667969e-05
1751002471.77393	2.69412994384766e-05
1751002471.78405	3.09944152832031e-05
1751002471.79417	4.10079956054688e-05
1751002471.8043	3.00407409667969e-05
1751002471.81443	3.19480895996094e-05
1751002471.82456	3.00407409667969e-05
1751002471.83469	3.09944152832031e-05
1751002471.84481	3.00407409667969e-05
1751002471.85495	3.09944152832031e-05
1751002471.86507	2.90870666503906e-05
1751002471.8752	3.00407409667969e-05
1751002471.88532	3.09944152832031e-05
1751002471.89544	4.10079956054688e-05
1751002471.90557	3.09944152832031e-05
1751002471.9157	3.09944152832031e-05
1751002471.92583	3.00407409667969e-05
1751002471.93595	3.19480895996094e-05
1751002471.94607	2.69412994384766e-05
1751002471.95619	2.81333923339844e-05
1751002471.96631	2.59876251220703e-05
1751002471.97643	3.09944152832031e-05
1751002471.98655	3.50475311279297e-05
1751002471.99668	3.38554382324219e-05
1751002472.00686	4.1961669921875e-05
1751002472.01703	2.78949737548828e-05
1751002472.02719	3.09944152832031e-05
1751002472.03732	3.31401824951172e-05
1751002472.04744	3.60012054443359e-05
1751002472.05757	2.90870666503906e-05
1751002472.06771	3.00407409667969e-05
1751002472.07784	2.78949737548828e-05
1751002472.08796	2.78949737548828e-05
1751002472.09808	3.40938568115234e-05
1751002472.10826	4.00543212890625e-05
1751002472.11838	3.00407409667969e-05
1751002472.12853	3.09944152832031e-05
1751002472.13865	2.90870666503906e-05
1751002472.14877	3.19480895996094e-05
1751002472.1589	3.09944152832031e-05
1751002472.16904	2.98023223876953e-05
1751002472.17916	2.90870666503906e-05
1751002472.18928	3.00407409667969e-05
1751002472.19941	3.19480895996094e-05
1751002472.20953	4.31537628173828e-05
1751002472.21966	3.09944152832031e-05
1751002472.22982	3.19480895996094e-05
1751002472.23994	2.90870666503906e-05
1751002472.25006	3.00407409667969e-05
1751002472.26018	3.00407409667969e-05
1751002472.27031	3.19480895996094e-05
1751002472.28043	3.09944152832031e-05
1751002472.29056	2.88486480712891e-05
1751002472.30069	3.19480895996094e-05
1751002472.31084	4.00543212890625e-05
1751002472.32097	3.00407409667969e-05
1751002472.3311	3.00407409667969e-05
1751002472.34122	2.59876251220703e-05
1751002472.35134	2.90870666503906e-05
1751002472.36146	2.90870666503906e-05
1751002472.37158	3.21865081787109e-05
1751002472.3817	3.09944152832031e-05
1751002472.39183	3.19480895996094e-05
1751002472.40198	2.90870666503906e-05
1751002472.41211	2.81333923339844e-05
1751002472.42223	3.60012054443359e-05
1751002472.43235	2.78949737548828e-05
1751002472.44247	2.69412994384766e-05
1751002472.45259	3.31401824951172e-05
1751002472.4627	3.00407409667969e-05
1751002472.47282	2.71797180175781e-05
1751002472.48295	2.69412994384766e-05
1751002472.49308	2.71797180175781e-05
1751002472.5032	3.00407409667969e-05
1751002472.51332	3.814697265625e-05
1751002472.52343	4.41074371337891e-05
1751002472.53357	3.50475311279297e-05
1751002472.5437	3.09944152832031e-05
1751002472.55383	3.19480895996094e-05
1751002472.56395	2.90870666503906e-05
1751002472.57408	3.19480895996094e-05
1751002472.5842	3.00407409667969e-05
1751002472.59432	3.09944152832031e-05
1751002472.60445	2.90870666503906e-05
1751002472.61457	3.00407409667969e-05
1751002472.6247	4.10079956054688e-05
1751002472.63482	3.00407409667969e-05
1751002472.64494	5.00679016113281e-05
1751002472.65507	3.09944152832031e-05
1751002472.66546	3.48091125488281e-05
1751002472.67584	3.09944152832031e-05
1751002472.68598	3.31401824951172e-05
1751002472.69611	3.29017639160156e-05
1751002472.70623	3.00407409667969e-05
1751002472.71636	2.59876251220703e-05
1751002472.72648	4.60147857666016e-05
1751002472.73662	3.19480895996094e-05
1751002472.74675	3.50475311279297e-05
1751002472.75688	2.78949737548828e-05
1751002472.76701	2.78949737548828e-05
1751002472.77714	2.78949737548828e-05
1751002472.78726	2.88486480712891e-05
1751002472.79738	3.00407409667969e-05
1751002472.80749	3.09944152832031e-05
1751002472.81762	3.21865081787109e-05
1751002472.82776	3.29017639160156e-05
1751002472.83785	4.31537628173828e-05
1751002472.84795	3.88622283935547e-05
1751002472.85805	3.19480895996094e-05
1751002472.86814	2.69412994384766e-05
1751002472.87824	3.09944152832031e-05
1751002472.88833	3.09944152832031e-05
1751002472.89843	3.09944152832031e-05
1751002472.90853	2.88486480712891e-05
1751002472.91862	3.00407409667969e-05
1751002472.92871	2.69412994384766e-05
1751002472.93881	3.814697265625e-05
1751002472.9489	3.38554382324219e-05
1751002472.95899	3.00407409667969e-05
1751002472.9691	2.81333923339844e-05
1751002472.97919	2.90870666503906e-05
1751002472.98928	3.00407409667969e-05
1751002472.99938	3.09944152832031e-05
1751002473.00947	3.69548797607422e-05
1751002473.01957	3.29017639160156e-05
1751002473.02978	3.09944152832031e-05
1751002473.03982	4.10079956054688e-05
1751002473.04991	3.00407409667969e-05
1751002473.06	3.29017639160156e-05
1751002473.0701	3.09944152832031e-05
1751002473.0802	2.88486480712891e-05
1751002473.09029	3.00407409667969e-05
1751002473.10038	3.19480895996094e-05
1751002473.11048	2.88486480712891e-05
1751002473.12057	3.00407409667969e-05
1751002473.13067	3.00407409667969e-05
1751002473.14076	3.09944152832031e-05
1751002473.15086	3.69548797607422e-05
1751002473.16096	2.78949737548828e-05
1751002473.17105	2.88486480712891e-05
1751002473.18115	2.88486480712891e-05
1751002473.19125	2.98023223876953e-05
1751002473.20134	3.19480895996094e-05
1751002473.21143	2.78949737548828e-05
1751002473.22153	3.31401824951172e-05
1751002473.23163	3.21865081787109e-05
1751002473.24173	3.09944152832031e-05
1751002473.25183	4.29153442382812e-05
1751002473.26192	3.09944152832031e-05
1751002473.27202	3.00407409667969e-05
1751002473.28212	2.90870666503906e-05
1751002473.29222	3.00407409667969e-05
1751002473.30231	2.98023223876953e-05
1751002473.31242	3.19480895996094e-05
1751002473.32251	3.09944152832031e-05
1751002473.3326	2.88486480712891e-05
1751002473.34271	2.78949737548828e-05
1751002473.3528	3.98159027099609e-05
1751002473.36289	2.90870666503906e-05
1751002473.373	3.09944152832031e-05
1751002473.38312	3.00407409667969e-05
1751002473.39319	3.19480895996094e-05
1751002473.40332	3.09944152832031e-05
1751002473.41341	3.00407409667969e-05
1751002473.42351	3.09944152832031e-05
1751002473.4336	3.09944152832031e-05
1751002473.44371	2.90870666503906e-05
1751002473.4538	3.19480895996094e-05
1751002473.4639	4.29153442382812e-05
1751002473.474	3.38554382324219e-05
1751002473.4841	4.81605529785156e-05
1751002473.4942	3.38554382324219e-05
1751002473.50438	2.88486480712891e-05
1751002473.51446	3.09944152832031e-05
1751002473.52457	3.38554382324219e-05
1751002473.53466	3.38554382324219e-05
1751002473.54482	3.31401824951172e-05
1751002473.55486	3.09944152832031e-05
1751002473.56495	3.69548797607422e-05
1751002473.57505	2.78949737548828e-05
1751002473.58515	2.88486480712891e-05
1751002473.59524	2.81333923339844e-05
1751002473.60534	2.90870666503906e-05
1751002473.61543	3.19480895996094e-05
1751002473.62553	3.40938568115234e-05
1751002473.63563	3.31401824951172e-05
1751002473.64572	3.09944152832031e-05
1751002473.65582	3.09944152832031e-05
1751002473.66592	4.00543212890625e-05
1751002473.67601	3.09944152832031e-05
1751002473.68611	3.19480895996094e-05
1751002473.69621	2.78949737548828e-05
1751002473.70631	2.71797180175781e-05
1751002473.7164	2.81333923339844e-05
1751002473.72649	2.88486480712891e-05
1751002473.73658	3.09944152832031e-05
1751002473.74671	3.09944152832031e-05
1751002473.75684	3.00407409667969e-05
1751002473.76688	3.69548797607422e-05
1751002473.77698	3.00407409667969e-05
1751002473.78708	2.59876251220703e-05
1751002473.79717	2.98023223876953e-05
1751002473.80726	2.88486480712891e-05
1751002473.81736	3.31401824951172e-05
1751002473.82745	3.00407409667969e-05
1751002473.83756	3.50475311279297e-05
1751002473.84765	3.19480895996094e-05
1751002473.85775	3.09944152832031e-05
1751002473.86784	2.78949737548828e-05
1751002473.87794	3.69548797607422e-05
1751002473.88804	2.81333923339844e-05
1751002473.89813	2.69412994384766e-05
1751002473.90823	3.00407409667969e-05
1751002473.91832	3.00407409667969e-05
1751002473.92841	3.09944152832031e-05
1751002473.93851	2.88486480712891e-05
1751002473.9486	2.69412994384766e-05
1751002473.9587	2.78949737548828e-05
1751002473.96879	2.78949737548828e-05
1751002473.97888	3.88622283935547e-05
1751002473.98898	3.69548797607422e-05
1751002473.99908	3.19480895996094e-05
1751002474.00922	3.09944152832031e-05
1751002474.01932	2.78949737548828e-05
1751002474.02941	2.81333923339844e-05
1751002474.0395	2.59876251220703e-05
1751002474.04959	2.69412994384766e-05
1751002474.05969	3.09944152832031e-05
1751002474.06978	3.29017639160156e-05
1751002474.07988	4.60147857666016e-05
1751002474.08998	3.00407409667969e-05
1751002474.10007	3.09944152832031e-05
1751002474.11017	2.88486480712891e-05
1751002474.12028	2.88486480712891e-05
1751002474.13037	2.59876251220703e-05
1751002474.14046	2.81333923339844e-05
1751002474.15056	3.00407409667969e-05
1751002474.16065	2.71797180175781e-05
1751002474.17074	3.09944152832031e-05
1751002474.18084	3.00407409667969e-05
1751002474.19093	4.29153442382812e-05
1751002474.20103	3.19480895996094e-05
1751002474.21112	3.09944152832031e-05
1751002474.22122	3.09944152832031e-05
1751002474.23132	3.19480895996094e-05
1751002474.24142	3.19480895996094e-05
1751002474.25151	2.88486480712891e-05
1751002474.26161	3.09944152832031e-05
1751002474.27171	2.90870666503906e-05
1751002474.28181	2.78949737548828e-05
1751002474.29191	3.69548797607422e-05
1751002474.30201	3.09944152832031e-05
1751002474.3121	3.50475311279297e-05
1751002474.32219	2.98023223876953e-05
1751002474.3323	3.19480895996094e-05
1751002474.3424	3.60012054443359e-05
1751002474.35249	3.09944152832031e-05
1751002474.3626	3.40938568115234e-05
1751002474.37271	2.90870666503906e-05
1751002474.38281	3.29017639160156e-05
1751002474.39295	4.60147857666016e-05
1751002474.40301	3.09944152832031e-05
1751002474.41311	3.09944152832031e-05
1751002474.42321	3.29017639160156e-05
1751002474.4333	3.40938568115234e-05
1751002474.4434	3.19480895996094e-05
1751002474.45353	3.09944152832031e-05
1751002474.46362	3.19480895996094e-05
1751002474.47371	2.90870666503906e-05
1751002474.48381	3.48091125488281e-05
1751002474.4939	2.78949737548828e-05
1751002474.50401	3.814697265625e-05
1751002474.5141	3.29017639160156e-05
1751002474.52419	3.50475311279297e-05
1751002474.53434	3.31401824951172e-05
1751002474.54442	2.90870666503906e-05
1751002474.55451	2.90870666503906e-05
1751002474.56461	2.90870666503906e-05
1751002474.5747	3.00407409667969e-05
1751002474.5848	3.09944152832031e-05
1751002474.5949	3.19480895996094e-05
1751002474.605	4.79221343994141e-05
1751002474.6151	3.19480895996094e-05
1751002474.62521	3.19480895996094e-05
1751002474.6353	3.00407409667969e-05
1751002474.6454	3.19480895996094e-05
1751002474.6555	3.09944152832031e-05
1751002474.6656	3.19480895996094e-05
1751002474.67569	2.98023223876953e-05
1751002474.68579	2.59876251220703e-05
1751002474.69589	2.90870666503906e-05
1751002474.70598	3.60012054443359e-05
1751002474.71607	3.09944152832031e-05
1751002474.72616	3.19480895996094e-05
1751002474.73626	3.29017639160156e-05
1751002474.74636	3.00407409667969e-05
1751002474.75646	2.78949737548828e-05
1751002474.76655	2.90870666503906e-05
1751002474.77665	3.21865081787109e-05
1751002474.78674	3.31401824951172e-05
1751002474.79683	3.29017639160156e-05
1751002474.80693	4.00543212890625e-05
1751002474.81703	3.19480895996094e-05
1751002474.82712	3.09944152832031e-05
1751002474.83723	3.09944152832031e-05
1751002474.84732	3.00407409667969e-05
1751002474.85741	3.29017639160156e-05
1751002474.86749	3.09944152832031e-05
1751002474.87759	3.29017639160156e-05
1751002474.88768	2.98023223876953e-05
1751002474.89777	2.90870666503906e-05
1751002474.90786	3.09944152832031e-05
1751002474.91795	4.00543212890625e-05
1751002474.92804	3.09944152832031e-05
1751002474.93813	3.09944152832031e-05
1751002474.94823	3.19480895996094e-05
1751002474.95831	3.00407409667969e-05
1751002474.9684	2.90870666503906e-05
1751002474.97849	3.09944152832031e-05
1751002474.98857	3.19480895996094e-05
1751002474.99869	3.31401824951172e-05
1751002475.00877	3.38554382324219e-05
1751002475.01889	4.88758087158203e-05
1751002475.02899	3.38554382324219e-05
1751002475.0391	3.40938568115234e-05
1751002475.0492	3.40938568115234e-05
1751002475.05929	3.29017639160156e-05
1751002475.06939	3.40938568115234e-05
1751002475.07949	3.29017639160156e-05
1751002475.08959	3.21865081787109e-05
1751002475.09969	3.38554382324219e-05
1751002475.10978	3.40938568115234e-05
1751002475.11988	4.50611114501953e-05
1751002475.12997	3.29017639160156e-05
1751002475.14007	3.29017639160156e-05
1751002475.15017	3.19480895996094e-05
1751002475.16027	3.09944152832031e-05
1751002475.17037	3.19480895996094e-05
1751002475.18046	3.40938568115234e-05
1751002475.19055	3.19480895996094e-05
1751002475.20066	3.50475311279297e-05
1751002475.21076	3.40938568115234e-05
1751002475.22087	3.31401824951172e-05
1751002475.23097	4.1961669921875e-05
1751002475.24107	3.09944152832031e-05
1751002475.25116	3.21865081787109e-05
1751002475.26125	3.29017639160156e-05
1751002475.27134	3.09944152832031e-05
1751002475.28144	4.38690185546875e-05
1751002475.29153	5.10215759277344e-05
1751002475.30176	4.00543212890625e-05
1751002475.31286	3.60012054443359e-05
1751002475.32295	3.69548797607422e-05
1751002475.33312	4.69684600830078e-05
1751002475.34326	3.31401824951172e-05
1751002475.35336	3.21865081787109e-05
1751002475.36346	3.19480895996094e-05
1751002475.37355	3.09944152832031e-05
1751002475.38364	2.98023223876953e-05
1751002475.39374	3.50475311279297e-05
1751002475.40383	3.50475311279297e-05
1751002475.41393	3.09944152832031e-05
1751002475.42399	3.00407409667969e-05
1751002475.43408	4.31537628173828e-05
1751002475.44418	3.09944152832031e-05
1751002475.45427	3.09944152832031e-05
1751002475.46436	3.09944152832031e-05
1751002475.47445	3.09944152832031e-05
1751002475.48454	3.09944152832031e-05
1751002475.49464	3.19480895996094e-05
1751002475.50473	2.81333923339844e-05
1751002475.51482	3.69548797607422e-05
1751002475.52491	3.69548797607422e-05
1751002475.53504	3.50475311279297e-05
1751002475.5451	4.50611114501953e-05
1751002475.5552	3.00407409667969e-05
1751002475.56529	3.50475311279297e-05
1751002475.57539	3.40938568115234e-05
1751002475.58548	3.69548797607422e-05
1751002475.59561	3.69548797607422e-05
1751002475.60569	3.09944152832031e-05
1751002475.6158	3.50475311279297e-05
1751002475.62589	3.69548797607422e-05
1751002475.63599	3.50475311279297e-05
1751002475.6461	4.1961669921875e-05
1751002475.65619	3.09944152832031e-05
1751002475.66629	2.88486480712891e-05
1751002475.67638	2.81333923339844e-05
1751002475.68647	2.88486480712891e-05
1751002475.69656	3.21865081787109e-05
1751002475.70665	3.38554382324219e-05
1751002475.71671	2.98023223876953e-05
1751002475.72681	3.09944152832031e-05
1751002475.7369	3.00407409667969e-05
1751002475.74699	3.00407409667969e-05
1751002475.75709	4.38690185546875e-05
1751002475.7672	3.31401824951172e-05
1751002475.77728	3.09944152832031e-05
1751002475.78738	3.48091125488281e-05
1751002475.79747	3.19480895996094e-05
1751002475.80757	3.00407409667969e-05
1751002475.81767	3.00407409667969e-05
1751002475.82775	3.09944152832031e-05
1751002475.83784	3.21865081787109e-05
1751002475.84793	3.19480895996094e-05
1751002475.85803	4.1961669921875e-05
1751002475.86813	3.29017639160156e-05
1751002475.87821	2.88486480712891e-05
1751002475.88828	2.90870666503906e-05
1751002475.89837	3.09944152832031e-05
1751002475.90846	3.29017639160156e-05
1751002475.91857	3.00407409667969e-05
1751002475.92865	3.19480895996094e-05
1751002475.93874	2.98023223876953e-05
1751002475.94883	2.88486480712891e-05
1751002475.95892	4.00543212890625e-05
1751002475.96899	2.90870666503906e-05
1751002475.97907	3.29017639160156e-05
1751002475.98917	3.29017639160156e-05
1751002475.99926	3.60012054443359e-05
1751002476.00935	2.98023223876953e-05
1751002476.01946	2.90870666503906e-05
1751002476.02955	3.09944152832031e-05
1751002476.03964	3.79085540771484e-05
1751002476.04973	3.31401824951172e-05
1751002476.05986	3.50475311279297e-05
1751002476.06995	4.41074371337891e-05
1751002476.08005	3.09944152832031e-05
1751002476.09015	2.90870666503906e-05
1751002476.10026	2.78949737548828e-05
1751002476.11037	3.09944152832031e-05
1751002476.12047	3.19480895996094e-05
1751002476.13059	3.38554382324219e-05
1751002476.14067	3.31401824951172e-05
1751002476.15076	3.19480895996094e-05
1751002476.16086	3.19480895996094e-05
1751002476.17095	4.1961669921875e-05
1751002476.18105	3.48091125488281e-05
1751002476.19114	3.19480895996094e-05
1751002476.20124	3.50475311279297e-05
1751002476.21133	3.19480895996094e-05
1751002476.22143	3.29017639160156e-05
1751002476.23152	3.31401824951172e-05
1751002476.24161	3.60012054443359e-05
1751002476.25171	3.19480895996094e-05
1751002476.26181	3.29017639160156e-05
1751002476.2719	4.29153442382812e-05
1751002476.282	3.19480895996094e-05
1751002476.2921	3.19480895996094e-05
1751002476.3022	3.69548797607422e-05
1751002476.31229	3.31401824951172e-05
1751002476.32258	3.60012054443359e-05
1751002476.33252	3.29017639160156e-05
1751002476.34262	3.19480895996094e-05
1751002476.35272	3.40938568115234e-05
1751002476.36281	3.19480895996094e-05
1751002476.3729	3.19480895996094e-05
1751002476.38299	4.1961669921875e-05
1751002476.39308	3.31401824951172e-05
1751002476.40316	3.50475311279297e-05
1751002476.41326	3.29017639160156e-05
1751002476.42337	3.29017639160156e-05
1751002476.43346	4.69684600830078e-05
1751002476.44355	3.19480895996094e-05
1751002476.45364	3.09944152832031e-05
1751002476.46374	3.19480895996094e-05
1751002476.47383	2.90870666503906e-05
1751002476.48394	4.10079956054688e-05
1751002476.49402	3.09944152832031e-05
1751002476.50412	3.19480895996094e-05
1751002476.51421	3.29017639160156e-05
1751002476.52433	3.48091125488281e-05
1751002476.53444	3.40938568115234e-05
1751002476.54455	3.29017639160156e-05
1751002476.55464	3.19480895996094e-05
1751002476.56473	3.29017639160156e-05
1751002476.57483	3.31401824951172e-05
1751002476.58492	4.60147857666016e-05
1751002476.59502	3.40938568115234e-05
1751002476.6051	3.09944152832031e-05
1751002476.61519	3.19480895996094e-05
1751002476.62529	4.00543212890625e-05
1751002476.6354	4.00543212890625e-05
1751002476.64583	3.814697265625e-05
1751002476.65694	3.31401824951172e-05
1751002476.66705	3.19480895996094e-05
1751002476.67714	3.21865081787109e-05
1751002476.68723	4.57763671875e-05
1751002476.69732	0.000139951705932617
1751002476.70741	3.38554382324219e-05
1751002476.71751	2.98023223876953e-05
1751002476.72761	3.19480895996094e-05
1751002476.73769	3.21865081787109e-05
1751002476.74779	3.31401824951172e-05
1751002476.75788	3.19480895996094e-05
1751002476.76797	3.98159027099609e-05
1751002476.77806	3.40938568115234e-05
1751002476.78816	3.29017639160156e-05
1751002476.79825	4.60147857666016e-05
1751002476.80835	3.09944152832031e-05
1751002476.81846	3.48091125488281e-05
1751002476.82853	3.29017639160156e-05
1751002476.83862	3.29017639160156e-05
1751002476.84871	3.21865081787109e-05
1751002476.85883	3.19480895996094e-05
1751002476.86891	3.29017639160156e-05
1751002476.87901	3.31401824951172e-05
1751002476.88911	3.29017639160156e-05
1751002476.8992	4.00543212890625e-05
1751002476.90929	3.09944152832031e-05
1751002476.91938	3.09944152832031e-05
1751002476.92947	3.19480895996094e-05
1751002476.93956	0.000151872634887695
1751002476.94966	3.19480895996094e-05
1751002476.95977	3.19480895996094e-05
1751002476.96985	3.09944152832031e-05
1751002476.97994	2.90870666503906e-05
1751002476.99003	3.00407409667969e-05
1751002477.00012	4.10079956054688e-05
1751002477.01021	3.38554382324219e-05
1751002477.02028	3.48091125488281e-05
1751002477.03038	0.000139951705932617
1751002477.04049	3.40938568115234e-05
1751002477.05059	3.19480895996094e-05
1751002477.06069	3.21865081787109e-05
1751002477.07078	3.19480895996094e-05
1751002477.08087	3.09944152832031e-05
1751002477.09096	3.31401824951172e-05
1751002477.10105	3.38554382324219e-05
1751002477.11116	4.31537628173828e-05
1751002477.12125	3.21865081787109e-05
1751002477.13134	3.40938568115234e-05
1751002477.14143	3.29017639160156e-05
1751002477.15152	3.00407409667969e-05
1751002477.16161	3.31401824951172e-05
1751002477.17169	3.29017639160156e-05
1751002477.18178	3.29017639160156e-05
1751002477.19188	3.19480895996094e-05
1751002477.20197	3.31401824951172e-05
1751002477.21206	3.88622283935547e-05
1751002477.22216	3.00407409667969e-05
1751002477.23226	3.19480895996094e-05
1751002477.24235	3.00407409667969e-05
1751002477.25244	3.29017639160156e-05
1751002477.26252	3.19480895996094e-05
1751002477.27263	3.19480895996094e-05
1751002477.28273	3.21865081787109e-05
1751002477.29283	3.29017639160156e-05
1751002477.30293	3.31401824951172e-05
1751002477.31303	4.60147857666016e-05
1751002477.32313	3.19480895996094e-05
1751002477.33324	3.29017639160156e-05
1751002477.34333	3.21865081787109e-05
1751002477.35343	3.21865081787109e-05
1751002477.36353	3.31401824951172e-05
1751002477.37363	3.19480895996094e-05
1751002477.38372	3.19480895996094e-05
1751002477.39382	3.19480895996094e-05
1751002477.40391	3.38554382324219e-05
1751002477.414	4.48226928710938e-05
1751002477.4241	3.09944152832031e-05
1751002477.4342	3.19480895996094e-05
1751002477.44427	3.19480895996094e-05
1751002477.45437	2.98023223876953e-05
1751002477.46446	3.29017639160156e-05
1751002477.47458	3.29017639160156e-05
1751002477.48466	3.00407409667969e-05
1751002477.49476	3.48091125488281e-05
1751002477.50484	3.31401824951172e-05
1751002477.51495	3.29017639160156e-05
1751002477.52506	4.79221343994141e-05
1751002477.53516	3.60012054443359e-05
1751002477.54527	3.40938568115234e-05
1751002477.55537	3.40938568115234e-05
1751002477.56547	3.19480895996094e-05
1751002477.57557	3.29017639160156e-05
1751002477.58566	3.21865081787109e-05
1751002477.59576	3.40938568115234e-05
1751002477.60585	3.00407409667969e-05
1751002477.61595	3.21865081787109e-05
1751002477.62604	4.60147857666016e-05
1751002477.63614	3.29017639160156e-05
1751002477.64624	0.000177145004272461
1751002477.65635	3.21865081787109e-05
1751002477.66664	3.19480895996094e-05
1751002477.67659	3.19480895996094e-05
1751002477.68669	3.29017639160156e-05
1751002477.69678	3.38554382324219e-05
1751002477.70689	3.29017639160156e-05
1751002477.71699	3.29017639160156e-05
1751002477.72709	4.50611114501953e-05
1751002477.73719	3.29017639160156e-05
1751002477.74731	3.31401824951172e-05
1751002477.7574	3.21865081787109e-05
1751002477.7675	3.19480895996094e-05
1751002477.7776	3.31401824951172e-05
1751002477.78769	3.31401824951172e-05
1751002477.79779	3.19480895996094e-05
1751002477.80788	3.29017639160156e-05
1751002477.81798	3.50475311279297e-05
1751002477.82808	3.00407409667969e-05
1751002477.83818	4.00543212890625e-05
1751002477.84828	3.21865081787109e-05
1751002477.85837	3.00407409667969e-05
1751002477.86846	3.40938568115234e-05
1751002477.87858	3.40938568115234e-05
1751002477.88866	3.29017639160156e-05
1751002477.89876	3.38554382324219e-05
1751002477.90885	3.31401824951172e-05
1751002477.91895	3.29017639160156e-05
1751002477.92905	3.29017639160156e-05
1751002477.93915	4.60147857666016e-05
1751002477.94924	3.40938568115234e-05
1751002477.95934	3.19480895996094e-05
1751002477.96944	3.19480895996094e-05
1751002477.97953	3.00407409667969e-05
1751002477.98962	3.19480895996094e-05
1751002477.99971	0.000143051147460938
1751002478.0098	3.40938568115234e-05
1751002478.01991	3.40938568115234e-05
1751002478.03001	3.09944152832031e-05
1751002478.04012	3.69548797607422e-05
1751002478.0502	3.19480895996094e-05
1751002478.0603	3.19480895996094e-05
1751002478.07039	4.00543212890625e-05
1751002478.08049	3.50475311279297e-05
1751002478.09062	3.50475311279297e-05
1751002478.10072	3.09944152832031e-05
1751002478.11081	3.31401824951172e-05
1751002478.1209	3.00407409667969e-05
1751002478.13099	3.09944152832031e-05
1751002478.14109	3.38554382324219e-05
1751002478.15121	4.69684600830078e-05
1751002478.16132	3.31401824951172e-05
1751002478.17145	3.00407409667969e-05
1751002478.18155	3.19480895996094e-05
1751002478.19164	3.29017639160156e-05
1751002478.20173	3.00407409667969e-05
1751002478.21182	3.60012054443359e-05
1751002478.22193	3.40938568115234e-05
1751002478.23204	3.00407409667969e-05
1751002478.24214	3.19480895996094e-05
1751002478.25223	3.71932983398438e-05
1751002478.26232	3.19480895996094e-05
1751002478.27241	3.50475311279297e-05
1751002478.28254	3.29017639160156e-05
1751002478.29263	3.40938568115234e-05
1751002478.30272	3.19480895996094e-05
1751002478.31282	3.09944152832031e-05
1751002478.32291	3.19480895996094e-05
1751002478.333	3.00407409667969e-05
1751002478.34311	3.31401824951172e-05
1751002478.3532	4.31537628173828e-05
1751002478.36331	3.19480895996094e-05
1751002478.3734	3.38554382324219e-05
1751002478.38351	3.19480895996094e-05
1751002478.3936	3.40938568115234e-05
1751002478.40371	3.40938568115234e-05
1751002478.41385	3.38554382324219e-05
1751002478.42393	4.38690185546875e-05
1751002478.43403	3.00407409667969e-05
1751002478.44413	3.60012054443359e-05
1751002478.45422	4.69684600830078e-05
1751002478.46431	3.50475311279297e-05
1751002478.4744	3.40938568115234e-05
1751002478.48451	3.21865081787109e-05
1751002478.49461	3.31401824951172e-05
1751002478.50471	3.19480895996094e-05
1751002478.51481	3.00407409667969e-05
1751002478.52491	3.19480895996094e-05
1751002478.535	0.0001220703125
1751002478.5451	3.19480895996094e-05
1751002478.55519	5.57899475097656e-05
1751002478.56529	5.00679016113281e-05
1751002478.57545	3.60012054443359e-05
1751002478.58554	3.48091125488281e-05
1751002478.59564	3.19480895996094e-05
1751002478.60574	3.09944152832031e-05
1751002478.61583	3.09944152832031e-05
1751002478.62593	3.00407409667969e-05
1751002478.63603	3.38554382324219e-05
1751002478.64612	3.29017639160156e-05
1751002478.65623	3.50475311279297e-05
1751002478.66632	4.91142272949219e-05
1751002478.67644	3.40938568115234e-05
1751002478.68654	3.40938568115234e-05
1751002478.69664	3.50475311279297e-05
1751002478.70673	3.29017639160156e-05
1751002478.71683	2.88486480712891e-05
1751002478.72692	3.29017639160156e-05
1751002478.73702	3.19480895996094e-05
1751002478.74712	3.38554382324219e-05
1751002478.75721	3.71932983398438e-05
1751002478.76732	4.50611114501953e-05
1751002478.77742	3.69548797607422e-05
1751002478.78752	3.60012054443359e-05
1751002478.79763	3.50475311279297e-05
1751002478.80773	3.50475311279297e-05
1751002478.81783	3.50475311279297e-05
1751002478.82793	4.00543212890625e-05
1751002478.83803	3.29017639160156e-05
1751002478.84813	3.19480895996094e-05
1751002478.85823	3.00407409667969e-05
1751002478.86829	3.00407409667969e-05
1751002478.87838	4.00543212890625e-05
1751002478.88847	3.50475311279297e-05
1751002478.8986	3.60012054443359e-05
1751002478.90868	3.38554382324219e-05
1751002478.91878	3.40938568115234e-05
1751002478.92888	3.38554382324219e-05
1751002478.93898	3.29017639160156e-05
1751002478.94908	3.38554382324219e-05
1751002478.95918	3.40938568115234e-05
1751002478.96928	3.50475311279297e-05
1751002478.97939	5.10215759277344e-05
1751002478.98948	3.40938568115234e-05
1751002478.99959	3.21865081787109e-05
1751002479.00968	3.31401824951172e-05
1751002479.01978	3.09944152832031e-05
1751002479.02989	3.29017639160156e-05
1751002479.03999	6.19888305664062e-05
1751002479.05008	3.71932983398438e-05
1751002479.0603	5.19752502441406e-05
1751002479.07034	3.40938568115234e-05
1751002479.08052	5.10215759277344e-05
1751002479.09055	3.38554382324219e-05
1751002479.10065	3.50475311279297e-05
1751002479.11075	2.98023223876953e-05
1751002479.12086	3.09944152832031e-05
1751002479.13095	3.29017639160156e-05
1751002479.14105	3.09944152832031e-05
1751002479.15115	3.38554382324219e-05
1751002479.16125	3.48091125488281e-05
1751002479.17135	3.29017639160156e-05
1751002479.18145	3.40938568115234e-05
1751002479.19155	4.41074371337891e-05
1751002479.20165	3.38554382324219e-05
1751002479.21175	3.50475311279297e-05
1751002479.22186	3.09944152832031e-05
1751002479.23196	3.91006469726562e-05
1751002479.24205	3.00407409667969e-05
1751002479.25215	3.31401824951172e-05
1751002479.26224	3.48091125488281e-05
1751002479.27234	3.40938568115234e-05
1751002479.28244	3.21865081787109e-05
1751002479.29254	4.81605529785156e-05
1751002479.30264	3.00407409667969e-05
1751002479.31274	3.00407409667969e-05
1751002479.32283	2.81333923339844e-05
1751002479.33293	2.88486480712891e-05
1751002479.34302	3.50475311279297e-05
1751002479.35311	3.38554382324219e-05
1751002479.36322	3.09944152832031e-05
1751002479.37332	3.00407409667969e-05
1751002479.38341	3.00407409667969e-05
1751002479.3935	4.1961669921875e-05
1751002479.40359	3.50475311279297e-05
1751002479.41369	3.69548797607422e-05
1751002479.4238	3.29017639160156e-05
1751002479.43391	3.29017639160156e-05
1751002479.444	3.60012054443359e-05
1751002479.45411	3.38554382324219e-05
1751002479.46425	3.29017639160156e-05
1751002479.47432	3.40938568115234e-05
1751002479.48442	3.38554382324219e-05
1751002479.49452	4.50611114501953e-05
1751002479.50462	3.09944152832031e-05
1751002479.51471	2.98023223876953e-05
1751002479.5248	3.19480895996094e-05
1751002479.5349	3.40938568115234e-05
1751002479.545	4.38690185546875e-05
1751002479.55509	3.50475311279297e-05
1751002479.56523	3.29017639160156e-05
1751002479.57532	3.40938568115234e-05
1751002479.58542	3.00407409667969e-05
1751002479.59552	3.19480895996094e-05
1751002479.60561	4.1961669921875e-05
1751002479.61571	3.29017639160156e-05
1751002479.62581	2.90870666503906e-05
1751002479.63591	3.00407409667969e-05
1751002479.64599	3.09944152832031e-05
1751002479.65609	3.09944152832031e-05
1751002479.66618	3.40938568115234e-05
1751002479.67628	3.19480895996094e-05
1751002479.68638	3.29017639160156e-05
1751002479.69648	3.31401824951172e-05
1751002479.70657	4.50611114501953e-05
1751002479.71667	3.09944152832031e-05
1751002479.72676	3.40938568115234e-05
1751002479.73686	3.29017639160156e-05
1751002479.74697	3.21865081787109e-05
1751002479.75707	3.29017639160156e-05
1751002479.76716	3.29017639160156e-05
1751002479.77726	3.00407409667969e-05
1751002479.78736	2.88486480712891e-05
1751002479.79745	3.19480895996094e-05
1751002479.80757	4.50611114501953e-05
1751002479.81766	3.31401824951172e-05
1751002479.82775	3.29017639160156e-05
1751002479.83785	3.09944152832031e-05
1751002479.84794	4.00543212890625e-05
1751002479.85804	3.21865081787109e-05
1751002479.86814	3.09944152832031e-05
1751002479.87824	3.00407409667969e-05
1751002479.88829	3.09944152832031e-05
1751002479.89838	3.19480895996094e-05
1751002479.90847	3.29017639160156e-05
1751002479.91859	4.81605529785156e-05
1751002479.92867	3.09944152832031e-05
1751002479.93877	3.50475311279297e-05
1751002479.94886	3.19480895996094e-05
1751002479.95896	3.40938568115234e-05
1751002479.96907	3.60012054443359e-05
1751002479.97916	2.88486480712891e-05
1751002479.98926	2.90870666503906e-05
1751002479.99935	3.00407409667969e-05
1751002480.00945	3.09944152832031e-05
1751002480.01954	4.31537628173828e-05
1751002480.02963	3.19480895996094e-05
1751002480.03974	3.31401824951172e-05
1751002480.04984	3.60012054443359e-05
1751002480.05995	3.69548797607422e-05
1751002480.07008	3.79085540771484e-05
1751002480.08018	3.19480895996094e-05
1751002480.09029	3.19480895996094e-05
1751002480.10041	3.31401824951172e-05
1751002480.11049	3.00407409667969e-05
1751002480.12059	4.10079956054688e-05
1751002480.13068	2.90870666503906e-05
1751002480.14077	2.88486480712891e-05
1751002480.15087	3.21865081787109e-05
1751002480.16096	3.31401824951172e-05
1751002480.17106	3.09944152832031e-05
1751002480.18116	3.09944152832031e-05
1751002480.19125	2.90870666503906e-05
1751002480.20134	3.19480895996094e-05
1751002480.21144	3.29017639160156e-05
1751002480.22159	3.21865081787109e-05
1751002480.23166	4.00543212890625e-05
1751002480.24175	2.88486480712891e-05
1751002480.25185	2.90870666503906e-05
1751002480.26194	2.88486480712891e-05
1751002480.27203	3.40938568115234e-05
1751002480.28213	3.88622283935547e-05
1751002480.29223	5.00679016113281e-05
1751002480.30243	3.69548797607422e-05
1751002480.31264	3.19480895996094e-05
1751002480.32273	3.19480895996094e-05
1751002480.33281	4.1961669921875e-05
1751002480.34294	3.09944152832031e-05
1751002480.35301	3.29017639160156e-05
1751002480.36314	3.09944152832031e-05
1751002480.37321	2.81333923339844e-05
1751002480.38331	2.98023223876953e-05
1751002480.3934	3.29017639160156e-05
1751002480.4035	3.40938568115234e-05
1751002480.41359	3.50475311279297e-05
1751002480.42369	3.09944152832031e-05
1751002480.43379	3.91006469726562e-05
1751002480.44388	2.88486480712891e-05
1751002480.45397	2.90870666503906e-05
1751002480.46407	3.09944152832031e-05
1751002480.47416	3.40938568115234e-05
1751002480.48426	2.88486480712891e-05
1751002480.49436	2.88486480712891e-05
1751002480.50445	3.00407409667969e-05
1751002480.51454	3.09944152832031e-05
1751002480.52463	3.19480895996094e-05
1751002480.53473	4.00543212890625e-05
1751002480.54483	3.00407409667969e-05
1751002480.55492	2.88486480712891e-05
1751002480.56501	3.00407409667969e-05
1751002480.5751	2.90870666503906e-05
1751002480.5852	3.71932983398438e-05
1751002480.59529	3.50475311279297e-05
1751002480.60542	3.09944152832031e-05
1751002480.61552	3.38554382324219e-05
1751002480.62561	3.29017639160156e-05
1751002480.63572	3.09944152832031e-05
1751002480.64582	3.98159027099609e-05
1751002480.65591	3.00407409667969e-05
1751002480.66601	3.19480895996094e-05
1751002480.6761	3.40938568115234e-05
1751002480.6862	3.40938568115234e-05
1751002480.6963	3.21865081787109e-05
1751002480.70647	3.48091125488281e-05
1751002480.7165	3.31401824951172e-05
1751002480.72661	3.09944152832031e-05
1751002480.73671	3.29017639160156e-05
1751002480.74681	4.41074371337891e-05
1751002480.75691	3.50475311279297e-05
1751002480.76701	2.90870666503906e-05
1751002480.7771	3.09944152832031e-05
1751002480.7872	2.90870666503906e-05
1751002480.79729	3.31401824951172e-05
1751002480.80738	3.21865081787109e-05
1751002480.81748	3.50475311279297e-05
1751002480.82759	3.00407409667969e-05
1751002480.83769	3.00407409667969e-05
1751002480.84778	4.81605529785156e-05
1751002480.85788	3.57627868652344e-05
1751002480.86799	3.29017639160156e-05
1751002480.87809	3.31401824951172e-05
1751002480.88819	3.48091125488281e-05
1751002480.89828	3.29017639160156e-05
1751002480.90839	3.31401824951172e-05
1751002480.91848	3.21865081787109e-05
1751002480.92859	2.98023223876953e-05
1751002480.93868	3.00407409667969e-05
1751002480.94877	3.19480895996094e-05
1751002480.95886	4.79221343994141e-05
1751002480.96897	3.50475311279297e-05
1751002480.97913	3.40938568115234e-05
1751002480.98922	3.09944152832031e-05
1751002480.99932	3.09944152832031e-05
1751002481.00942	3.09944152832031e-05
1751002481.01952	3.31401824951172e-05
1751002481.02962	3.40938568115234e-05
1751002481.03972	3.00407409667969e-05
1751002481.04982	3.09944152832031e-05
1751002481.05992	4.60147857666016e-05
1751002481.07001	3.88622283935547e-05
1751002481.08011	3.19480895996094e-05
1751002481.09023	3.38554382324219e-05
1751002481.10031	3.29017639160156e-05
1751002481.11041	2.98023223876953e-05
1751002481.12051	2.90870666503906e-05
1751002481.1306	2.90870666503906e-05
1751002481.14069	3.00407409667969e-05
1751002481.15079	3.69548797607422e-05
1751002481.16088	4.50611114501953e-05
1751002481.17101	2.98023223876953e-05
1751002481.18111	3.00407409667969e-05
1751002481.1912	3.00407409667969e-05
1751002481.20129	3.19480895996094e-05
1751002481.21139	3.48091125488281e-05
1751002481.22149	3.40938568115234e-05
1751002481.2316	2.98023223876953e-05
1751002481.24169	3.09944152832031e-05
1751002481.25178	2.88486480712891e-05
1751002481.26188	3.09944152832031e-05
1751002481.27197	4.50611114501953e-05
1751002481.28206	3.40938568115234e-05
1751002481.29217	3.29017639160156e-05
1751002481.30227	3.814697265625e-05
1751002481.31237	3.60012054443359e-05
1751002481.3225	3.40938568115234e-05
1751002481.3326	3.21865081787109e-05
1751002481.3427	3.09944152832031e-05
1751002481.35279	3.00407409667969e-05
1751002481.36288	3.19480895996094e-05
1751002481.37297	4.81605529785156e-05
1751002481.3831	3.38554382324219e-05
1751002481.39318	3.40938568115234e-05
1751002481.40329	3.40938568115234e-05
1751002481.41339	3.19480895996094e-05
1751002481.42349	3.31401824951172e-05
1751002481.4336	3.40938568115234e-05
1751002481.4437	3.38554382324219e-05
1751002481.4538	3.31401824951172e-05
1751002481.4639	3.31401824951172e-05
1751002481.474	4.69684600830078e-05
1751002481.4841	2.98023223876953e-05
1751002481.49419	2.88486480712891e-05
1751002481.50429	3.09944152832031e-05
1751002481.51438	3.50475311279297e-05
1751002481.52448	3.48091125488281e-05
1751002481.53458	3.38554382324219e-05
1751002481.54468	3.31401824951172e-05
1751002481.55478	3.31401824951172e-05
1751002481.56488	3.60012054443359e-05
1751002481.57499	4.91142272949219e-05
1751002481.58509	3.38554382324219e-05
1751002481.5952	3.40938568115234e-05
1751002481.6053	3.00407409667969e-05
1751002481.6154	2.78949737548828e-05
1751002481.62549	4.48226928710938e-05
1751002481.63559	4.29153442382812e-05
1751002481.64576	4.00543212890625e-05
1751002481.6559	3.50475311279297e-05
1751002481.66601	3.50475311279297e-05
1751002481.67611	3.29017639160156e-05
1751002481.6862	4.1961669921875e-05
1751002481.69632	3.50475311279297e-05
1751002481.7064	3.29017639160156e-05
1751002481.7165	3.31401824951172e-05
1751002481.7266	3.40938568115234e-05
1751002481.7367	3.00407409667969e-05
1751002481.7468	3.09944152832031e-05
1751002481.7569	2.90870666503906e-05
1751002481.76698	3.19480895996094e-05
1751002481.77708	3.50475311279297e-05
1751002481.78721	5.00679016113281e-05
1751002481.79729	3.09944152832031e-05
1751002481.80739	3.00407409667969e-05
1751002481.81748	3.00407409667969e-05
1751002481.82758	3.09944152832031e-05
1751002481.83767	3.50475311279297e-05
1751002481.84777	3.31401824951172e-05
1751002481.85788	3.31401824951172e-05
1751002481.86797	3.00407409667969e-05
1751002481.87807	2.90870666503906e-05
1751002481.88817	4.1961669921875e-05
1751002481.89826	3.19480895996094e-05
1751002481.90836	3.38554382324219e-05
1751002481.91848	3.31401824951172e-05
1751002481.92858	3.31401824951172e-05
1751002481.93867	3.48091125488281e-05
1751002481.94877	3.19480895996094e-05
1751002481.95887	2.81333923339844e-05
1751002481.96897	3.00407409667969e-05
1751002481.97906	3.09944152832031e-05
1751002481.98915	3.40938568115234e-05
1751002481.99927	4.38690185546875e-05
1751002482.00936	3.19480895996094e-05
1751002482.01945	3.00407409667969e-05
1751002482.02956	3.19480895996094e-05
1751002482.03965	3.38554382324219e-05
1751002482.04977	3.09944152832031e-05
1751002482.05985	3.60012054443359e-05
1751002482.06995	3.60012054443359e-05
1751002482.08006	3.69548797607422e-05
